FID	IID	phenotype
HG00096	HG00096	2.22902455463
HG00097	HG00097	1.41112048036
HG00099	HG00099	2.6928562847
HG00100	HG00100	0.750268533246
HG00101	HG00101	-2.19170156515
HG00102	HG00102	-1.04777284163
HG00103	HG00103	-1.46385606954
HG00105	HG00105	1.86230757233
HG00106	HG00106	-2.2539936258
HG00107	HG00107	0.0725982607879
HG00108	HG00108	3.53224589619
HG00109	HG00109	0.15463330994
HG00110	HG00110	-3.47900285876
HG00111	HG00111	-2.89398312556
HG00112	HG00112	0.0700797962041
HG00113	HG00113	2.44880734491
HG00114	HG00114	-3.45912855356
HG00115	HG00115	2.76000979051
HG00116	HG00116	2.93034818037
HG00117	HG00117	3.11841532171
HG00118	HG00118	2.30443356103
HG00119	HG00119	4.59667824779
HG00120	HG00120	-3.43442911409
HG00121	HG00121	2.99875110477
HG00122	HG00122	2.54383371389
HG00123	HG00123	3.08839983732
HG00125	HG00125	3.58506518371
HG00126	HG00126	5.73741888782
HG00127	HG00127	-2.6628203778
HG00128	HG00128	3.19028385274
HG00129	HG00129	-0.750149212131
HG00130	HG00130	1.07912026449
HG00131	HG00131	-3.40897714044
HG00132	HG00132	1.75109484682
HG00133	HG00133	2.00248356736
HG00136	HG00136	-0.303469990596
HG00137	HG00137	4.00407699382
HG00138	HG00138	-4.76852922904
HG00139	HG00139	2.60342124615
HG00140	HG00140	0.627816293245
HG00141	HG00141	-1.31879658029
HG00142	HG00142	5.18255987782
HG00143	HG00143	-1.69617843207
HG00145	HG00145	4.04806652688
HG00146	HG00146	-2.13859951071
HG00148	HG00148	-2.09015039328
HG00149	HG00149	-3.59925536899
HG00150	HG00150	1.09543634281
HG00151	HG00151	2.61269842359
HG00154	HG00154	-1.4595468091
HG00155	HG00155	-1.05814801397
HG00157	HG00157	-0.933544997237
HG00158	HG00158	0.207251162088
HG00159	HG00159	-0.741654381463
HG00160	HG00160	0.818223770696
HG00171	HG00171	-1.8549205985
HG00173	HG00173	0.364264014998
HG00174	HG00174	1.30856888614
HG00176	HG00176	1.13507024552
HG00177	HG00177	2.76504061918
HG00178	HG00178	0.64394528011
HG00179	HG00179	7.45737216748
HG00180	HG00180	0.285799572672
HG00181	HG00181	-0.260990577555
HG00182	HG00182	0.326760687268
HG00183	HG00183	-4.09720517758
HG00185	HG00185	-6.75690556709
HG00186	HG00186	-0.838325949749
HG00187	HG00187	2.07746847555
HG00188	HG00188	1.81728662174
HG00189	HG00189	-1.70668180192
HG00190	HG00190	2.42403098639
HG00231	HG00231	-0.0350467429688
HG00232	HG00232	4.59806069091
HG00233	HG00233	-2.15802924009
HG00234	HG00234	-3.00446881295
HG00235	HG00235	5.73496449637
HG00236	HG00236	0.333142937006
HG00237	HG00237	3.88863930481
HG00238	HG00238	-0.427261403955
HG00239	HG00239	3.72571925087
HG00240	HG00240	-1.11124253655
HG00242	HG00242	-0.134336991071
HG00243	HG00243	0.326888894176
HG00244	HG00244	3.56604244205
HG00245	HG00245	-6.31191948013
HG00246	HG00246	-5.41984149491
HG00250	HG00250	-4.38983899983
HG00251	HG00251	-1.39911375154
HG00252	HG00252	-3.08164532232
HG00253	HG00253	-4.67604588304
HG00254	HG00254	0.513267162921
HG00255	HG00255	0.296733252546
HG00256	HG00256	-1.87198652891
HG00257	HG00257	1.45863482377
HG00258	HG00258	4.2907949931
HG00259	HG00259	-2.13979069023
HG00260	HG00260	2.17271135458
HG00261	HG00261	-3.75472202185
HG00262	HG00262	1.50506998009
HG00263	HG00263	-5.27868329515
HG00264	HG00264	4.68205908312
HG00265	HG00265	-1.21809783423
HG00266	HG00266	-5.25067356106
HG00267	HG00267	0.932954129464
HG00268	HG00268	1.00979226885
HG00269	HG00269	0.137389627354
HG00271	HG00271	4.94531176733
HG00272	HG00272	1.60206486264
HG00273	HG00273	0.304823878638
HG00274	HG00274	1.89502149019
HG00275	HG00275	0.402059735649
HG00276	HG00276	0.114001214461
HG00277	HG00277	3.15524248004
HG00278	HG00278	5.23606632806
HG00280	HG00280	1.27653480568
HG00281	HG00281	0.427556053224
HG00282	HG00282	5.05265423263
HG00284	HG00284	-1.50010965127
HG00285	HG00285	7.82048561526
HG00288	HG00288	0.839406517671
HG00290	HG00290	-3.44103003805
HG00304	HG00304	2.4117575834
HG00306	HG00306	4.84740713184
HG00308	HG00308	-2.57866863032
HG00309	HG00309	-4.11007494292
HG00310	HG00310	6.25268571436
HG00311	HG00311	-3.31892249546
HG00313	HG00313	2.74492459815
HG00315	HG00315	-5.0177860254
HG00318	HG00318	2.27463994468
HG00319	HG00319	3.15297613972
HG00320	HG00320	2.629231285
HG00321	HG00321	3.83976608822
HG00323	HG00323	0.876680174311
HG00324	HG00324	-0.615223605395
HG00325	HG00325	0.148340284748
HG00326	HG00326	-3.32696345775
HG00327	HG00327	-1.28687367917
HG00328	HG00328	-2.92222690686
HG00329	HG00329	-3.83352540305
HG00330	HG00330	4.62860867576
HG00331	HG00331	3.19175257456
HG00332	HG00332	5.3539563464
HG00334	HG00334	-1.25070617648
HG00335	HG00335	1.94268993365
HG00336	HG00336	-3.06649081602
HG00337	HG00337	-0.371108667965
HG00338	HG00338	1.62492574042
HG00339	HG00339	0.914740014074
HG00341	HG00341	-1.39060608722
HG00342	HG00342	0.823081758841
HG00343	HG00343	-1.02451567825
HG00344	HG00344	-0.433861064287
HG00345	HG00345	4.34665450094
HG00346	HG00346	-4.83599368435
HG00349	HG00349	1.95946485431
HG00350	HG00350	0.835899368517
HG00351	HG00351	-6.53421352595
HG00353	HG00353	-0.862239469914
HG00355	HG00355	0.213779021179
HG00356	HG00356	-4.0078636376
HG00357	HG00357	4.12407598421
HG00358	HG00358	1.39823973865
HG00360	HG00360	-2.19096156547
HG00361	HG00361	2.82341243041
HG00362	HG00362	-2.13004900475
HG00364	HG00364	0.70565395313
HG00365	HG00365	-2.41951032494
HG00366	HG00366	3.14707977832
HG00367	HG00367	-2.8429392389
HG00368	HG00368	0.100863194117
HG00369	HG00369	-0.52452163447
HG00371	HG00371	4.16899489634
HG00372	HG00372	-2.86438823793
HG00373	HG00373	-0.183499054758
HG00375	HG00375	0.628524427483
HG00376	HG00376	1.07035149884
HG00378	HG00378	1.85659833025
HG00379	HG00379	0.229270018428
HG00380	HG00380	4.34522865546
HG00381	HG00381	-2.45339328754
HG00382	HG00382	4.23231563707
HG00383	HG00383	1.38228488468
HG00384	HG00384	1.48106305215
HG00403	HG00403	-2.8583725252
HG00404	HG00404	2.89228584824
HG00406	HG00406	-5.24679217105
HG00407	HG00407	2.80289143353
HG00409	HG00409	0.206302092571
HG00410	HG00410	2.81826133304
HG00419	HG00419	-4.12919909407
HG00421	HG00421	0.785133314071
HG00422	HG00422	7.39189493958
HG00428	HG00428	-3.29269540604
HG00436	HG00436	3.28108122963
HG00437	HG00437	-6.10023898343
HG00442	HG00442	-5.14647586689
HG00443	HG00443	-1.35480030917
HG00445	HG00445	1.78179188347
HG00446	HG00446	-1.78360945744
HG00448	HG00448	-2.08371252316
HG00449	HG00449	-1.67647241455
HG00451	HG00451	-0.672739457051
HG00452	HG00452	-7.13415304461
HG00457	HG00457	2.31214290817
HG00458	HG00458	-2.73073613824
HG00463	HG00463	3.70664976866
HG00464	HG00464	-0.0230859932538
HG00472	HG00472	-1.75205476651
HG00473	HG00473	1.80761146192
HG00475	HG00475	0.900993652998
HG00476	HG00476	4.20813499625
HG00478	HG00478	0.584602178429
HG00479	HG00479	-1.30126829047
HG00500	HG00500	1.70683151113
HG00513	HG00513	-6.40660873807
HG00524	HG00524	-1.92096381485
HG00525	HG00525	2.0545019904
HG00530	HG00530	0.607409832163
HG00531	HG00531	4.04433897481
HG00533	HG00533	4.15180091833
HG00534	HG00534	1.30205344836
HG00536	HG00536	4.42743351572
HG00537	HG00537	2.55288413266
HG00542	HG00542	3.51310214437
HG00543	HG00543	-0.171844550632
HG00551	HG00551	2.20437746529
HG00553	HG00553	-2.60145747549
HG00554	HG00554	4.90011738569
HG00556	HG00556	-3.08654982577
HG00557	HG00557	0.924527947722
HG00559	HG00559	-3.65665298232
HG00560	HG00560	-1.51967552385
HG00565	HG00565	5.78493363182
HG00566	HG00566	-0.0623280839028
HG00580	HG00580	1.14855024327
HG00581	HG00581	0.77748840012
HG00583	HG00583	3.72842112979
HG00584	HG00584	2.67695718854
HG00589	HG00589	-1.76568763226
HG00590	HG00590	0.327100271668
HG00592	HG00592	-6.16515197848
HG00593	HG00593	0.19937688509
HG00595	HG00595	9.76839351204
HG00596	HG00596	5.8972224457
HG00598	HG00598	5.105457619
HG00599	HG00599	-6.26856782501
HG00607	HG00607	9.02767947229
HG00608	HG00608	1.72509467703
HG00610	HG00610	3.68247658239
HG00611	HG00611	0.504396547554
HG00613	HG00613	-3.56833462506
HG00614	HG00614	0.0874252881054
HG00619	HG00619	3.87335816571
HG00620	HG00620	3.1178055312
HG00622	HG00622	6.86478700737
HG00623	HG00623	9.68528729049
HG00625	HG00625	6.25254599175
HG00626	HG00626	4.0187575377
HG00628	HG00628	0.173149479201
HG00629	HG00629	-0.0509309530432
HG00631	HG00631	-2.08469217318
HG00632	HG00632	1.34294456079
HG00634	HG00634	1.64773971038
HG00637	HG00637	3.78802982609
HG00638	HG00638	-1.68879893588
HG00640	HG00640	-3.09043397472
HG00641	HG00641	-6.64590026987
HG00650	HG00650	3.3820782634
HG00651	HG00651	6.57868030095
HG00653	HG00653	1.32070789449
HG00654	HG00654	-4.63630485677
HG00656	HG00656	3.37932932805
HG00657	HG00657	6.08588837283
HG00662	HG00662	2.39748058703
HG00663	HG00663	-2.72333249168
HG00671	HG00671	-2.07364458008
HG00672	HG00672	3.05678058591
HG00674	HG00674	0.0404913357939
HG00675	HG00675	2.88609734944
HG00683	HG00683	2.0081433179
HG00684	HG00684	-1.40912714464
HG00689	HG00689	-6.21257787844
HG00690	HG00690	0.181558968667
HG00692	HG00692	-5.79031902606
HG00693	HG00693	0.940669560728
HG00698	HG00698	4.08734211775
HG00699	HG00699	-0.899564078783
HG00701	HG00701	3.01621196114
HG00704	HG00704	0.38721686495
HG00705	HG00705	-1.40318934796
HG00707	HG00707	-0.625768739307
HG00708	HG00708	-1.77059879396
HG00717	HG00717	1.98306050591
HG00728	HG00728	-5.20800539957
HG00729	HG00729	2.45838719906
HG00731	HG00731	7.00981057071
HG00732	HG00732	3.79497703191
HG00734	HG00734	2.94910383923
HG00736	HG00736	-1.0565697402
HG00737	HG00737	-0.717663927059
HG00739	HG00739	6.10630559393
HG00740	HG00740	-1.13306541404
HG00742	HG00742	0.776946801097
HG00743	HG00743	0.989458309602
HG00759	HG00759	2.5093653468
HG00766	HG00766	0.499561332029
HG00844	HG00844	-1.11503224554
HG00851	HG00851	-4.89066034591
HG00864	HG00864	0.594652992308
HG00867	HG00867	-2.35888970683
HG00879	HG00879	4.12841299921
HG00881	HG00881	-4.21655592657
HG00956	HG00956	0.0616854468643
HG00978	HG00978	-0.322347203425
HG00982	HG00982	-6.90640879
HG01028	HG01028	0.238839559585
HG01029	HG01029	0.252124574539
HG01031	HG01031	-4.67391994339
HG01046	HG01046	2.20944213591
HG01047	HG01047	-1.14691665868
HG01048	HG01048	2.08206075706
HG01049	HG01049	-0.468269478155
HG01051	HG01051	1.43108590879
HG01052	HG01052	3.24336157294
HG01054	HG01054	4.42907915663
HG01055	HG01055	6.14584599166
HG01058	HG01058	-3.90039394088
HG01060	HG01060	2.17372618121
HG01061	HG01061	-5.20681677964
HG01063	HG01063	-2.93574264411
HG01064	HG01064	4.36586890783
HG01066	HG01066	-0.187893610561
HG01067	HG01067	0.790355996644
HG01069	HG01069	-2.05418596564
HG01070	HG01070	-2.55331458689
HG01072	HG01072	1.09744056642
HG01073	HG01073	-1.75668055892
HG01075	HG01075	-2.66133167347
HG01077	HG01077	7.61888254739
HG01079	HG01079	-4.58266675363
HG01080	HG01080	2.40238226813
HG01082	HG01082	-2.18197714342
HG01083	HG01083	-4.80882474202
HG01085	HG01085	-5.63009119358
HG01086	HG01086	-0.676504487638
HG01088	HG01088	2.20533702982
HG01089	HG01089	-1.83863670523
HG01092	HG01092	-3.06589053098
HG01094	HG01094	2.48802974619
HG01095	HG01095	1.72088511119
HG01097	HG01097	0.571587086437
HG01098	HG01098	-2.89489173894
HG01101	HG01101	3.68799594257
HG01102	HG01102	1.22009465682
HG01104	HG01104	4.67195148706
HG01105	HG01105	-2.18410588574
HG01107	HG01107	-0.142568877893
HG01108	HG01108	3.91761761986
HG01110	HG01110	1.00080001701
HG01111	HG01111	3.23734514323
HG01112	HG01112	2.90266890537
HG01113	HG01113	0.629331636771
HG01119	HG01119	5.21396181093
HG01121	HG01121	-2.59871442268
HG01122	HG01122	-0.600384169288
HG01124	HG01124	2.18465400645
HG01125	HG01125	0.232069339044
HG01130	HG01130	-2.28345208423
HG01131	HG01131	0.922918150831
HG01133	HG01133	4.72817453081
HG01134	HG01134	0.759481134324
HG01136	HG01136	0.533320776532
HG01137	HG01137	-2.17081867589
HG01139	HG01139	0.921595101295
HG01140	HG01140	1.71961202823
HG01142	HG01142	-5.92458428998
HG01148	HG01148	1.74497049726
HG01149	HG01149	0.388064098021
HG01161	HG01161	6.95161459408
HG01162	HG01162	-0.642853863231
HG01164	HG01164	1.32806784437
HG01167	HG01167	4.8171681279
HG01168	HG01168	-1.7404082151
HG01170	HG01170	3.30932848281
HG01171	HG01171	-3.9540422269
HG01173	HG01173	0.0907223317079
HG01174	HG01174	-1.46094879781
HG01176	HG01176	6.69185719841
HG01177	HG01177	-0.648955081916
HG01182	HG01182	-1.38576751471
HG01183	HG01183	-0.00758245620141
HG01187	HG01187	1.99739986081
HG01188	HG01188	0.273886241044
HG01190	HG01190	3.39714442541
HG01191	HG01191	0.149408394427
HG01197	HG01197	-0.408276243375
HG01198	HG01198	-2.53396289019
HG01200	HG01200	0.877462268772
HG01204	HG01204	-1.2122745108
HG01205	HG01205	-2.03331515545
HG01241	HG01241	4.29435277745
HG01242	HG01242	-7.5148852077
HG01247	HG01247	0.595118625412
HG01248	HG01248	6.43155050137
HG01250	HG01250	7.51841679793
HG01251	HG01251	3.30033101096
HG01253	HG01253	7.5466737105
HG01254	HG01254	3.57611211498
HG01256	HG01256	4.27343728911
HG01257	HG01257	-5.51573834437
HG01259	HG01259	-1.75615458006
HG01260	HG01260	-1.22653403021
HG01269	HG01269	5.31341364385
HG01271	HG01271	3.22912189396
HG01272	HG01272	-5.24413389362
HG01275	HG01275	-4.78215517697
HG01277	HG01277	4.36038504395
HG01280	HG01280	3.49560138047
HG01281	HG01281	-5.68326075074
HG01284	HG01284	-0.91423548529
HG01286	HG01286	-0.615339292538
HG01302	HG01302	1.53975133086
HG01303	HG01303	5.26541083177
HG01305	HG01305	-4.58839769284
HG01308	HG01308	-2.01315256259
HG01311	HG01311	-1.53731380914
HG01312	HG01312	-1.12923611401
HG01323	HG01323	-2.57813545544
HG01325	HG01325	-7.24367131813
HG01326	HG01326	-3.24982105487
HG01334	HG01334	-0.0373706873042
HG01341	HG01341	-1.09217334041
HG01342	HG01342	1.7289559102
HG01344	HG01344	4.3925422088
HG01345	HG01345	2.38144687106
HG01348	HG01348	3.56011086615
HG01350	HG01350	0.867167747966
HG01351	HG01351	-2.10202649641
HG01353	HG01353	2.46511256116
HG01354	HG01354	0.512613500219
HG01356	HG01356	7.11850646207
HG01357	HG01357	-0.671841201143
HG01359	HG01359	-9.06933291438
HG01360	HG01360	2.22453207526
HG01362	HG01362	1.25261295787
HG01363	HG01363	1.06349088561
HG01365	HG01365	-5.17497187706
HG01366	HG01366	2.37475953819
HG01369	HG01369	-1.16887185388
HG01372	HG01372	0.0211010558014
HG01374	HG01374	1.50824473067
HG01375	HG01375	0.528885023363
HG01377	HG01377	4.28366458529
HG01378	HG01378	1.11584476594
HG01383	HG01383	1.73872262705
HG01384	HG01384	3.16182015709
HG01389	HG01389	1.37848735548
HG01390	HG01390	-1.14073947873
HG01392	HG01392	-0.67859404578
HG01393	HG01393	0.314478242059
HG01395	HG01395	-1.76345686281
HG01396	HG01396	2.68234753449
HG01398	HG01398	-1.34346389696
HG01402	HG01402	2.05862667747
HG01403	HG01403	4.81046295855
HG01405	HG01405	4.39498592311
HG01412	HG01412	3.21902056339
HG01413	HG01413	-0.0156104742762
HG01414	HG01414	-3.91571871684
HG01431	HG01431	1.64589946961
HG01432	HG01432	10.0305122057
HG01435	HG01435	3.62404279871
HG01437	HG01437	1.3304840416
HG01438	HG01438	-1.57433846892
HG01440	HG01440	-2.35281985766
HG01441	HG01441	1.55450321605
HG01443	HG01443	-0.842159077968
HG01444	HG01444	-0.482949962088
HG01447	HG01447	3.8178918672
HG01455	HG01455	-4.81089438381
HG01456	HG01456	2.5151381596
HG01459	HG01459	0.595076873274
HG01461	HG01461	-3.09624076095
HG01462	HG01462	0.188823097121
HG01464	HG01464	-0.320756818383
HG01465	HG01465	2.0083572159
HG01468	HG01468	3.47045705689
HG01474	HG01474	-2.18302963874
HG01479	HG01479	5.65807762484
HG01485	HG01485	1.05370000173
HG01486	HG01486	1.72437145562
HG01488	HG01488	0.082462446637
HG01489	HG01489	-5.1061693496
HG01491	HG01491	1.5691670732
HG01492	HG01492	8.72227028485
HG01494	HG01494	2.52625857686
HG01495	HG01495	1.87005687844
HG01497	HG01497	-0.998353785395
HG01498	HG01498	-0.0344617971467
HG01500	HG01500	-1.07879761787
HG01501	HG01501	-1.98593202737
HG01503	HG01503	-1.65914288391
HG01504	HG01504	8.5346187753
HG01506	HG01506	1.77747675415
HG01507	HG01507	1.72854551355
HG01509	HG01509	2.40935936968
HG01510	HG01510	-1.13466551425
HG01512	HG01512	-0.872487504312
HG01513	HG01513	-0.457350728206
HG01515	HG01515	-0.0704239252366
HG01516	HG01516	0.995689948524
HG01518	HG01518	-3.00356097231
HG01519	HG01519	-2.6901569088
HG01521	HG01521	0.360503408775
HG01522	HG01522	-1.73882515863
HG01524	HG01524	1.10905589215
HG01525	HG01525	1.83529764777
HG01527	HG01527	-3.30392730803
HG01528	HG01528	-1.57729101863
HG01530	HG01530	3.36160793732
HG01531	HG01531	0.483168242459
HG01536	HG01536	-1.45002654552
HG01537	HG01537	2.27192790317
HG01550	HG01550	3.53015080032
HG01551	HG01551	-5.41884379804
HG01556	HG01556	-0.575223945398
HG01565	HG01565	2.26532364081
HG01566	HG01566	-1.30325430925
HG01571	HG01571	-0.759980740619
HG01572	HG01572	2.11526116041
HG01577	HG01577	2.11649123989
HG01578	HG01578	6.17297710014
HG01583	HG01583	6.91163814148
HG01586	HG01586	-7.156248284
HG01589	HG01589	-0.128568266289
HG01593	HG01593	0.625506850654
HG01595	HG01595	0.61480088312
HG01596	HG01596	2.64832863717
HG01597	HG01597	-3.33925318341
HG01598	HG01598	-0.26706315546
HG01599	HG01599	1.36189498541
HG01600	HG01600	-5.28987460414
HG01602	HG01602	-0.831569175446
HG01603	HG01603	-0.0154040930396
HG01605	HG01605	0.583531248571
HG01606	HG01606	3.37774072705
HG01607	HG01607	-1.11724468217
HG01608	HG01608	-1.35002946461
HG01610	HG01610	1.94438259363
HG01612	HG01612	3.30715764115
HG01613	HG01613	2.42263048753
HG01615	HG01615	-0.483015047229
HG01617	HG01617	0.59112355476
HG01618	HG01618	1.38616931414
HG01619	HG01619	4.80940912599
HG01620	HG01620	-2.36261724408
HG01623	HG01623	0.801342819483
HG01624	HG01624	5.27012982009
HG01625	HG01625	4.20734956534
HG01626	HG01626	-0.360314394762
HG01628	HG01628	-3.33000278072
HG01630	HG01630	1.68459924085
HG01631	HG01631	4.67751252091
HG01632	HG01632	-1.4484250115
HG01668	HG01668	-3.39764855093
HG01669	HG01669	3.78119003461
HG01670	HG01670	3.50315233729
HG01672	HG01672	-6.41028080216
HG01673	HG01673	0.159650601121
HG01675	HG01675	-3.36542431008
HG01676	HG01676	2.1169917189
HG01678	HG01678	-4.36301396016
HG01679	HG01679	2.87111173724
HG01680	HG01680	0.70588613439
HG01682	HG01682	3.13013918493
HG01684	HG01684	6.95080438849
HG01685	HG01685	-3.23586860706
HG01686	HG01686	8.42118949944
HG01694	HG01694	2.66153253708
HG01695	HG01695	3.47230398757
HG01697	HG01697	-7.77703586836
HG01699	HG01699	-3.42685919056
HG01700	HG01700	0.0273000593545
HG01702	HG01702	1.38174653669
HG01704	HG01704	1.75370229226
HG01705	HG01705	2.06494722226
HG01707	HG01707	-3.97796973747
HG01708	HG01708	0.100223739692
HG01709	HG01709	-1.5463743484
HG01710	HG01710	-2.36555451503
HG01746	HG01746	6.22249156864
HG01747	HG01747	-1.57660823003
HG01756	HG01756	2.22515858735
HG01757	HG01757	1.64657484592
HG01761	HG01761	-2.98259492732
HG01762	HG01762	2.93799052476
HG01765	HG01765	-6.28480893049
HG01766	HG01766	-2.68252302498
HG01767	HG01767	3.72855158012
HG01768	HG01768	6.68843788671
HG01770	HG01770	-1.13523754456
HG01771	HG01771	1.39625310255
HG01773	HG01773	5.72150927495
HG01775	HG01775	1.9294081761
HG01776	HG01776	-5.81682427678
HG01777	HG01777	-0.265595451128
HG01779	HG01779	-2.70532915045
HG01781	HG01781	2.31819784729
HG01783	HG01783	6.84282124036
HG01784	HG01784	-1.52959630603
HG01785	HG01785	-3.02378643768
HG01786	HG01786	3.03203232402
HG01789	HG01789	0.49007403542
HG01790	HG01790	1.01525472508
HG01791	HG01791	1.25142956517
HG01794	HG01794	-1.7880362492
HG01795	HG01795	1.86013114523
HG01796	HG01796	-0.81957863532
HG01797	HG01797	-0.926085453138
HG01798	HG01798	-3.90910199567
HG01799	HG01799	-1.73886098394
HG01800	HG01800	-5.48851632217
HG01801	HG01801	1.69630314707
HG01802	HG01802	-1.27164456085
HG01804	HG01804	4.53858920349
HG01805	HG01805	-0.0271236456383
HG01806	HG01806	3.33590845265
HG01807	HG01807	3.87414130346
HG01808	HG01808	2.71804593141
HG01809	HG01809	1.32389045234
HG01810	HG01810	-1.67145184101
HG01811	HG01811	1.53627054076
HG01812	HG01812	1.1775917662
HG01813	HG01813	3.6834433956
HG01815	HG01815	-3.77501650768
HG01816	HG01816	0.85334628376
HG01817	HG01817	-1.26769157186
HG01840	HG01840	0.178143236161
HG01841	HG01841	5.68265539823
HG01842	HG01842	0.829651118769
HG01843	HG01843	-3.13115472977
HG01844	HG01844	-2.6183095946
HG01845	HG01845	-0.709367248893
HG01846	HG01846	1.53775089233
HG01847	HG01847	-0.403548355281
HG01848	HG01848	-0.821557686057
HG01849	HG01849	-3.60202566571
HG01850	HG01850	-2.69356566101
HG01851	HG01851	3.96510198438
HG01852	HG01852	-0.559909106609
HG01853	HG01853	3.2827953683
HG01855	HG01855	1.34296947562
HG01857	HG01857	-1.59899513298
HG01858	HG01858	0.273654170641
HG01859	HG01859	6.5664491933
HG01860	HG01860	-5.62580310939
HG01861	HG01861	1.3939861107
HG01862	HG01862	5.62629278785
HG01863	HG01863	4.58980902836
HG01864	HG01864	2.68464238047
HG01865	HG01865	-1.22293449392
HG01866	HG01866	-2.95408913059
HG01867	HG01867	4.22219489045
HG01868	HG01868	3.1134313143
HG01869	HG01869	-0.318522975687
HG01870	HG01870	0.101869435519
HG01871	HG01871	-3.05796575375
HG01872	HG01872	0.203094106635
HG01873	HG01873	-2.10917614913
HG01874	HG01874	0.44558995362
HG01878	HG01878	-1.38181072276
HG01879	HG01879	0.570926622397
HG01880	HG01880	-4.62677423953
HG01882	HG01882	3.07958104587
HG01883	HG01883	-1.41504790354
HG01885	HG01885	-2.0290789482
HG01886	HG01886	-0.883653265573
HG01889	HG01889	2.02077487332
HG01890	HG01890	4.67534729688
HG01892	HG01892	-3.55117052023
HG01893	HG01893	-3.88190110124
HG01894	HG01894	-5.40040901805
HG01896	HG01896	1.95842919168
HG01912	HG01912	-3.59041008924
HG01914	HG01914	-1.15893825972
HG01915	HG01915	-0.564947320165
HG01917	HG01917	0.128981476891
HG01918	HG01918	4.27207019307
HG01920	HG01920	0.0777943109771
HG01921	HG01921	-4.98919319482
HG01923	HG01923	0.692023589864
HG01924	HG01924	1.60351465292
HG01926	HG01926	-4.1009034746
HG01927	HG01927	-1.29192510439
HG01932	HG01932	2.60369123188
HG01933	HG01933	-3.40906285832
HG01935	HG01935	0.863812501459
HG01936	HG01936	1.97473325844
HG01938	HG01938	-4.01461059483
HG01939	HG01939	-0.617499860941
HG01941	HG01941	4.51186704525
HG01942	HG01942	1.66244014487
HG01944	HG01944	-4.05238693876
HG01945	HG01945	2.24303889609
HG01947	HG01947	-2.37645954586
HG01948	HG01948	-1.63546530849
HG01950	HG01950	-5.44944435138
HG01951	HG01951	-1.00799828488
HG01953	HG01953	1.12848962895
HG01954	HG01954	0.929822139644
HG01956	HG01956	-2.73015881201
HG01958	HG01958	0.050890884355
HG01961	HG01961	-0.512783885693
HG01965	HG01965	-3.17707015772
HG01967	HG01967	5.55764288744
HG01968	HG01968	-3.77161393797
HG01970	HG01970	-1.41239238738
HG01971	HG01971	4.80233284203
HG01973	HG01973	4.49932238244
HG01974	HG01974	2.52241756942
HG01976	HG01976	1.07497026077
HG01977	HG01977	-1.77826247601
HG01979	HG01979	-1.83743967949
HG01980	HG01980	2.63155820861
HG01982	HG01982	3.19355760683
HG01985	HG01985	0.889902618933
HG01986	HG01986	-0.567479384344
HG01988	HG01988	0.343457654777
HG01989	HG01989	3.90733215298
HG01990	HG01990	-0.902399688611
HG01991	HG01991	-0.890805731367
HG01992	HG01992	1.43293058783
HG01997	HG01997	-2.36600947916
HG02002	HG02002	-4.2315655215
HG02003	HG02003	1.78061058391
HG02006	HG02006	2.0006418432
HG02008	HG02008	3.03796417841
HG02009	HG02009	1.6550723486
HG02010	HG02010	2.65588030322
HG02012	HG02012	4.79110500064
HG02013	HG02013	-3.17268652698
HG02014	HG02014	6.3322788092
HG02016	HG02016	0.0440624298245
HG02017	HG02017	-0.927566042311
HG02019	HG02019	3.56774781751
HG02020	HG02020	0.812875726355
HG02023	HG02023	-0.174846549617
HG02025	HG02025	-2.95335883618
HG02026	HG02026	6.56067369993
HG02028	HG02028	2.74459423029
HG02029	HG02029	2.35022692123
HG02031	HG02031	-5.39590706989
HG02032	HG02032	4.55872240055
HG02035	HG02035	1.38121377137
HG02040	HG02040	1.92056902288
HG02047	HG02047	-4.21278106136
HG02048	HG02048	-1.61886856279
HG02049	HG02049	0.526478095489
HG02050	HG02050	-7.4307623641
HG02051	HG02051	4.02041657185
HG02052	HG02052	0.12277460307
HG02053	HG02053	-1.30760852188
HG02054	HG02054	6.26254594138
HG02057	HG02057	4.1600667726
HG02058	HG02058	-7.06389313581
HG02060	HG02060	-3.10004358721
HG02061	HG02061	1.87155752389
HG02064	HG02064	-0.988394485237
HG02067	HG02067	-0.898232297317
HG02069	HG02069	-2.50979351592
HG02070	HG02070	3.19717931883
HG02072	HG02072	3.09214667232
HG02073	HG02073	-10.0860259188
HG02075	HG02075	2.50905285021
HG02076	HG02076	3.36056723274
HG02078	HG02078	-0.690612063114
HG02079	HG02079	2.3544769644
HG02081	HG02081	1.49675358594
HG02082	HG02082	-0.612049563727
HG02084	HG02084	-1.43969370803
HG02085	HG02085	-3.82630526862
HG02086	HG02086	0.84172597663
HG02087	HG02087	-0.328690137486
HG02088	HG02088	-5.43277899532
HG02089	HG02089	-0.66692008962
HG02090	HG02090	1.32849274619
HG02095	HG02095	3.64071388077
HG02102	HG02102	-5.0046083282
HG02104	HG02104	2.94114991313
HG02105	HG02105	0.904994065066
HG02107	HG02107	3.69330155227
HG02108	HG02108	-1.40903678005
HG02111	HG02111	-3.78670797833
HG02113	HG02113	3.97323934157
HG02116	HG02116	0.768468052156
HG02121	HG02121	3.34851176983
HG02122	HG02122	-2.8681523192
HG02127	HG02127	3.78037283838
HG02128	HG02128	-2.01391725885
HG02130	HG02130	-4.73512800599
HG02131	HG02131	2.75586836218
HG02133	HG02133	1.1867753024
HG02134	HG02134	0.470679918946
HG02136	HG02136	7.74745944424
HG02137	HG02137	-1.83728249694
HG02138	HG02138	1.68146726852
HG02139	HG02139	-1.02775415383
HG02140	HG02140	7.08187379144
HG02141	HG02141	0.389630179395
HG02142	HG02142	0.650477761045
HG02143	HG02143	-3.14498055573
HG02144	HG02144	-0.221383703298
HG02146	HG02146	1.90398884683
HG02147	HG02147	2.12519782361
HG02150	HG02150	-2.17778222251
HG02151	HG02151	1.65105299958
HG02152	HG02152	0.19413262723
HG02153	HG02153	0.613444394552
HG02154	HG02154	2.43273721526
HG02155	HG02155	-2.59620159989
HG02156	HG02156	0.253555794141
HG02164	HG02164	-3.53632375857
HG02165	HG02165	-1.82164760409
HG02166	HG02166	-0.931389830611
HG02178	HG02178	6.76833573074
HG02179	HG02179	0.709976304991
HG02180	HG02180	2.5382547695
HG02181	HG02181	0.53071548516
HG02182	HG02182	8.08439683347
HG02184	HG02184	3.44731394135
HG02185	HG02185	-3.95763680035
HG02186	HG02186	-2.97114840744
HG02187	HG02187	-0.308463280241
HG02188	HG02188	-1.14485588397
HG02190	HG02190	0.598716274591
HG02215	HG02215	-2.12758319158
HG02219	HG02219	1.38188313694
HG02220	HG02220	6.68568596264
HG02221	HG02221	1.96356206649
HG02223	HG02223	-1.33301876369
HG02224	HG02224	-2.02036980584
HG02230	HG02230	0.462256006359
HG02231	HG02231	0.29692292338
HG02232	HG02232	-6.21968476294
HG02233	HG02233	-0.868719856177
HG02235	HG02235	2.6399737699
HG02236	HG02236	-3.95852483387
HG02238	HG02238	-4.92008658401
HG02239	HG02239	8.96054675417
HG02250	HG02250	7.46551553449
HG02252	HG02252	3.18461761413
HG02253	HG02253	-0.848942165543
HG02255	HG02255	-0.469120178915
HG02256	HG02256	0.98692451026
HG02259	HG02259	-1.42751279546
HG02260	HG02260	-5.39351677333
HG02262	HG02262	4.01493385442
HG02265	HG02265	2.00229759632
HG02266	HG02266	-0.268637099399
HG02271	HG02271	0.634635546446
HG02272	HG02272	1.97586377993
HG02274	HG02274	2.13092443761
HG02275	HG02275	2.8045200607
HG02277	HG02277	-1.32846037403
HG02278	HG02278	-2.8507826529
HG02281	HG02281	1.63639890961
HG02282	HG02282	-0.125144614161
HG02283	HG02283	1.837091239
HG02284	HG02284	0.309004546924
HG02285	HG02285	7.11624737648
HG02286	HG02286	-2.78788941097
HG02291	HG02291	1.83951638696
HG02292	HG02292	-3.17996269778
HG02298	HG02298	-0.44481296428
HG02299	HG02299	0.780843637401
HG02301	HG02301	2.49685738944
HG02304	HG02304	-0.550209923573
HG02307	HG02307	-0.0431183596097
HG02308	HG02308	2.76270261626
HG02309	HG02309	-1.61727323471
HG02312	HG02312	1.26867179218
HG02314	HG02314	-1.34615851868
HG02315	HG02315	0.946671281284
HG02317	HG02317	-1.72177219492
HG02318	HG02318	1.25653441941
HG02322	HG02322	1.16713079475
HG02323	HG02323	0.268878611022
HG02325	HG02325	-2.57811764419
HG02330	HG02330	9.54280195925
HG02332	HG02332	4.24609322177
HG02334	HG02334	6.33770131555
HG02337	HG02337	1.87663711598
HG02339	HG02339	9.05857737464
HG02343	HG02343	0.870284827752
HG02345	HG02345	5.42363530098
HG02348	HG02348	-3.15574459271
HG02351	HG02351	-1.00095942305
HG02353	HG02353	-4.00923115163
HG02355	HG02355	-0.893320564564
HG02356	HG02356	-1.8809234938
HG02360	HG02360	3.61547113828
HG02364	HG02364	1.16208266201
HG02367	HG02367	1.44706370402
HG02371	HG02371	2.43144764376
HG02373	HG02373	1.78677251096
HG02374	HG02374	-4.98460195529
HG02375	HG02375	0.496745067043
HG02379	HG02379	5.35921571492
HG02380	HG02380	3.13675608492
HG02382	HG02382	7.28951260972
HG02383	HG02383	2.6016732542
HG02384	HG02384	0.867164925293
HG02385	HG02385	1.43954288227
HG02386	HG02386	3.95718829473
HG02389	HG02389	-0.522088371215
HG02390	HG02390	-1.8101206917
HG02391	HG02391	-3.06074537242
HG02392	HG02392	-5.84767000617
HG02394	HG02394	-0.137253929081
HG02395	HG02395	0.0817190010036
HG02396	HG02396	-4.51577712797
HG02397	HG02397	2.0720763641
HG02398	HG02398	6.33804950706
HG02399	HG02399	0.877141300572
HG02401	HG02401	5.00323637287
HG02402	HG02402	1.80156179157
HG02406	HG02406	-3.65849297818
HG02407	HG02407	0.504481671733
HG02408	HG02408	-2.15693452441
HG02409	HG02409	0.799775368406
HG02410	HG02410	3.75619120179
HG02419	HG02419	2.55622060454
HG02420	HG02420	4.94775623666
HG02425	HG02425	1.44677341031
HG02427	HG02427	-1.65111545934
HG02429	HG02429	1.50097560625
HG02433	HG02433	1.9085626286
HG02439	HG02439	2.54858505309
HG02442	HG02442	4.6741932246
HG02445	HG02445	-0.638162259349
HG02449	HG02449	-9.42876128042
HG02450	HG02450	2.78308754287
HG02455	HG02455	-0.965987412999
HG02461	HG02461	-1.26726958482
HG02462	HG02462	1.76539077316
HG02464	HG02464	1.32185110304
HG02465	HG02465	0.348777756543
HG02470	HG02470	2.01581769788
HG02471	HG02471	-3.92513426636
HG02476	HG02476	1.97752208281
HG02477	HG02477	0.88262352328
HG02479	HG02479	-3.01144320292
HG02481	HG02481	-1.20763791758
HG02484	HG02484	-6.06841584745
HG02485	HG02485	-2.29860999004
HG02489	HG02489	-1.94028881967
HG02490	HG02490	-0.686276597646
HG02491	HG02491	-2.44166194716
HG02493	HG02493	0.34389393883
HG02494	HG02494	2.04287225282
HG02496	HG02496	8.80835940609
HG02497	HG02497	0.387752452403
HG02501	HG02501	-2.50710268789
HG02502	HG02502	1.23609363665
HG02505	HG02505	2.38653920439
HG02508	HG02508	-0.422246082186
HG02511	HG02511	2.30209496813
HG02512	HG02512	2.16200047708
HG02513	HG02513	8.2448261163
HG02521	HG02521	4.35696566967
HG02522	HG02522	0.420260293134
HG02536	HG02536	-0.644799333466
HG02537	HG02537	3.94035590029
HG02541	HG02541	0.225588397302
HG02545	HG02545	1.92686304778
HG02546	HG02546	0.0937179644475
HG02549	HG02549	-0.293534749946
HG02554	HG02554	0.495238311462
HG02555	HG02555	1.19369716617
HG02557	HG02557	3.42890883684
HG02558	HG02558	-3.7139781946
HG02561	HG02561	2.65175839932
HG02562	HG02562	6.65762115708
HG02568	HG02568	0.78522500531
HG02570	HG02570	1.8248835567
HG02571	HG02571	-3.20579567986
HG02573	HG02573	4.02309198014
HG02574	HG02574	1.77115858335
HG02577	HG02577	-0.473261995688
HG02580	HG02580	-1.84027554353
HG02582	HG02582	0.231044719813
HG02583	HG02583	-4.18306070162
HG02585	HG02585	-2.08031561216
HG02586	HG02586	-4.22857854063
HG02588	HG02588	-2.80352725596
HG02589	HG02589	-4.64997870188
HG02594	HG02594	4.99644386311
HG02595	HG02595	-2.89752325276
HG02597	HG02597	0.0440518680314
HG02600	HG02600	-0.314541666078
HG02601	HG02601	2.71662140749
HG02603	HG02603	2.5546515447
HG02604	HG02604	0.479091355825
HG02610	HG02610	-1.66892266599
HG02611	HG02611	5.69135229768
HG02613	HG02613	2.22082677045
HG02614	HG02614	1.12281824658
HG02620	HG02620	3.41991965275
HG02621	HG02621	6.54326443473
HG02623	HG02623	5.11838616322
HG02624	HG02624	5.07991908214
HG02628	HG02628	4.24237812544
HG02629	HG02629	7.02594724924
HG02634	HG02634	3.78878531875
HG02635	HG02635	1.37708121485
HG02642	HG02642	4.6255220077
HG02643	HG02643	6.00536554379
HG02645	HG02645	1.13841900913
HG02646	HG02646	4.67065822226
HG02648	HG02648	1.86440753226
HG02649	HG02649	-1.4708058758
HG02651	HG02651	8.10926626229
HG02652	HG02652	1.7765089032
HG02654	HG02654	0.274244316676
HG02655	HG02655	-0.993570387121
HG02657	HG02657	-7.02095004612
HG02658	HG02658	5.81522825015
HG02660	HG02660	1.40164881337
HG02661	HG02661	-4.05341511644
HG02666	HG02666	-2.92782314565
HG02667	HG02667	-0.570074012273
HG02675	HG02675	-1.14527753692
HG02676	HG02676	1.82295149358
HG02678	HG02678	3.27770118085
HG02679	HG02679	1.10763419063
HG02681	HG02681	1.5724589722
HG02682	HG02682	-0.231311047013
HG02684	HG02684	0.657935248855
HG02685	HG02685	-4.46221640474
HG02687	HG02687	1.18303373313
HG02688	HG02688	1.88051676497
HG02690	HG02690	2.32617423694
HG02691	HG02691	2.56606955329
HG02694	HG02694	-2.00827511171
HG02696	HG02696	-2.82614605034
HG02697	HG02697	-0.369420181942
HG02699	HG02699	3.18195758484
HG02700	HG02700	3.4706108995
HG02702	HG02702	3.16267621862
HG02703	HG02703	-3.30066890021
HG02715	HG02715	2.07880458326
HG02716	HG02716	-8.92067751636
HG02721	HG02721	0.367641537758
HG02722	HG02722	-1.61490017692
HG02724	HG02724	1.58149701092
HG02725	HG02725	0.549064197947
HG02727	HG02727	2.02612779334
HG02728	HG02728	2.25457801077
HG02731	HG02731	1.37668545559
HG02733	HG02733	0.0261240962179
HG02734	HG02734	0.545664377517
HG02736	HG02736	4.54759350245
HG02737	HG02737	0.882148618197
HG02756	HG02756	-2.20484658131
HG02757	HG02757	3.89275625771
HG02759	HG02759	-1.27607262336
HG02760	HG02760	3.82950646592
HG02763	HG02763	-1.37130197276
HG02768	HG02768	-1.70752363746
HG02769	HG02769	-2.96604786101
HG02771	HG02771	-3.6903475253
HG02772	HG02772	0.379186089996
HG02774	HG02774	0.487089529911
HG02775	HG02775	0.291294963012
HG02778	HG02778	1.65841195476
HG02780	HG02780	-8.20711905606
HG02783	HG02783	3.7299358661
HG02784	HG02784	-5.26605768417
HG02786	HG02786	-0.626125026589
HG02787	HG02787	-2.77846503702
HG02789	HG02789	5.668994497
HG02790	HG02790	-1.45010571662
HG02792	HG02792	-3.6477959013
HG02793	HG02793	-1.73306892869
HG02798	HG02798	0.743953063551
HG02799	HG02799	3.32293883501
HG02804	HG02804	5.11415237737
HG02805	HG02805	-0.885341722012
HG02807	HG02807	1.07611551271
HG02808	HG02808	-2.86137996457
HG02810	HG02810	-1.89196270841
HG02811	HG02811	-2.98547674601
HG02813	HG02813	3.26377590172
HG02814	HG02814	3.18962428531
HG02816	HG02816	-0.412593717325
HG02817	HG02817	3.84644911563
HG02819	HG02819	-8.22570990766
HG02820	HG02820	10.730445021
HG02836	HG02836	4.61458619351
HG02837	HG02837	1.67766385785
HG02839	HG02839	-2.28824775706
HG02840	HG02840	3.1305954454
HG02851	HG02851	4.93269961558
HG02852	HG02852	0.0299924555317
HG02854	HG02854	-2.01972309654
HG02855	HG02855	5.55285033202
HG02860	HG02860	-1.00287869351
HG02861	HG02861	5.22604259975
HG02870	HG02870	-6.68407030966
HG02878	HG02878	5.78455240681
HG02879	HG02879	0.92690637516
HG02881	HG02881	1.90477265203
HG02882	HG02882	7.1613383966
HG02884	HG02884	5.38943232185
HG02885	HG02885	0.280366292674
HG02887	HG02887	-2.55628839647
HG02888	HG02888	-1.2650753981
HG02890	HG02890	2.95076219692
HG02891	HG02891	-1.51560553786
HG02895	HG02895	-0.643150721285
HG02896	HG02896	0.791763085655
HG02922	HG02922	1.65655716666
HG02923	HG02923	6.5379314959
HG02938	HG02938	2.46455383664
HG02941	HG02941	3.25068302806
HG02943	HG02943	5.23732776646
HG02944	HG02944	-1.50771432542
HG02946	HG02946	3.58593924784
HG02947	HG02947	-0.327547325153
HG02952	HG02952	-0.297242516135
HG02953	HG02953	3.72037569511
HG02968	HG02968	0.0616076836947
HG02970	HG02970	-1.39960175213
HG02971	HG02971	2.93231419626
HG02973	HG02973	1.27058526686
HG02974	HG02974	0.0555908470154
HG02976	HG02976	-7.47007043476
HG02977	HG02977	-2.77314787498
HG02979	HG02979	2.14289535135
HG02981	HG02981	1.64609799734
HG02982	HG02982	-3.2157443203
HG02983	HG02983	-0.7223330869
HG03006	HG03006	-0.624802484999
HG03007	HG03007	-0.326692288921
HG03009	HG03009	3.48668902475
HG03012	HG03012	3.67369078034
HG03015	HG03015	1.09753586179
HG03016	HG03016	-8.49937627373
HG03018	HG03018	7.33714919033
HG03019	HG03019	2.25626622644
HG03021	HG03021	0.945676656261
HG03022	HG03022	5.00363748028
HG03024	HG03024	0.937947064111
HG03025	HG03025	2.2757751192
HG03027	HG03027	0.917374437459
HG03028	HG03028	6.02479816492
HG03039	HG03039	0.682940710195
HG03040	HG03040	1.31729862972
HG03045	HG03045	-3.95316678446
HG03046	HG03046	2.81532805467
HG03048	HG03048	-3.0024830921
HG03049	HG03049	-0.366343045032
HG03052	HG03052	-0.807203865775
HG03054	HG03054	2.56668572658
HG03055	HG03055	4.32140523628
HG03057	HG03057	-0.834708740448
HG03058	HG03058	-5.22263311299
HG03060	HG03060	-5.37418029508
HG03061	HG03061	3.61544460385
HG03063	HG03063	2.10997365332
HG03064	HG03064	-3.15212845335
HG03066	HG03066	1.53023655965
HG03069	HG03069	-0.40854685524
HG03072	HG03072	0.615187666668
HG03073	HG03073	-2.23083428136
HG03074	HG03074	4.11153140416
HG03077	HG03077	-2.74117226894
HG03078	HG03078	-0.157279973389
HG03079	HG03079	2.47801138069
HG03081	HG03081	0.579051550448
HG03082	HG03082	0.398640170248
HG03084	HG03084	-0.583911742936
HG03085	HG03085	5.85615349948
HG03086	HG03086	6.76880669163
HG03088	HG03088	0.2407112403
HG03091	HG03091	1.40892262979
HG03095	HG03095	2.89428844803
HG03096	HG03096	6.14439378085
HG03097	HG03097	-4.06409582363
HG03099	HG03099	6.45438645262
HG03100	HG03100	4.3545698704
HG03103	HG03103	-0.84540024362
HG03105	HG03105	5.73037041583
HG03108	HG03108	0.907066838119
HG03109	HG03109	0.744093572068
HG03111	HG03111	4.12430343685
HG03112	HG03112	0.620141716379
HG03114	HG03114	4.69492717998
HG03115	HG03115	-0.944189227926
HG03117	HG03117	3.0654651374
HG03118	HG03118	-1.39361849921
HG03120	HG03120	0.466729251864
HG03121	HG03121	0.865180159525
HG03123	HG03123	3.97130341214
HG03124	HG03124	-5.29499774592
HG03126	HG03126	-2.00860066416
HG03127	HG03127	0.654841501238
HG03129	HG03129	-0.106232023154
HG03130	HG03130	1.34267134515
HG03132	HG03132	1.14719503985
HG03133	HG03133	0.100325741691
HG03135	HG03135	1.28813605016
HG03136	HG03136	-4.57484190462
HG03139	HG03139	-1.7713219782
HG03157	HG03157	0.197755930139
HG03159	HG03159	0.316753968965
HG03160	HG03160	0.281080828037
HG03162	HG03162	-2.55111406688
HG03163	HG03163	-0.574817174259
HG03166	HG03166	1.15854366393
HG03168	HG03168	-4.32717334737
HG03169	HG03169	5.38571675132
HG03172	HG03172	5.47819834847
HG03175	HG03175	-0.77620608393
HG03189	HG03189	-2.3299476659
HG03190	HG03190	3.54162509867
HG03193	HG03193	-4.13324124445
HG03195	HG03195	-2.75866392633
HG03196	HG03196	0.0687965910138
HG03198	HG03198	1.34058637947
HG03199	HG03199	0.792882474196
HG03202	HG03202	-2.30827778611
HG03209	HG03209	-0.996463098154
HG03212	HG03212	1.16461470705
HG03224	HG03224	-2.29339868172
HG03225	HG03225	1.19506428036
HG03228	HG03228	5.93741769802
HG03229	HG03229	-0.0883530809061
HG03234	HG03234	-0.539802375281
HG03235	HG03235	-1.29623777434
HG03237	HG03237	-0.187242001257
HG03238	HG03238	4.97326642621
HG03240	HG03240	-1.92425164061
HG03241	HG03241	-3.2615432202
HG03246	HG03246	-2.51078428679
HG03247	HG03247	1.85977977913
HG03258	HG03258	3.86426780389
HG03259	HG03259	-7.28131570262
HG03265	HG03265	-3.01710541486
HG03267	HG03267	5.69778286366
HG03268	HG03268	-1.52762330169
HG03270	HG03270	5.05984045541
HG03271	HG03271	0.747875013429
HG03279	HG03279	-1.08129730356
HG03280	HG03280	-0.58618369824
HG03291	HG03291	-0.887485663626
HG03294	HG03294	0.120170561344
HG03295	HG03295	-0.00660575156845
HG03297	HG03297	-2.16129062038
HG03298	HG03298	-3.77143738742
HG03300	HG03300	0.248039636778
HG03301	HG03301	2.15739011887
HG03303	HG03303	4.31651179983
HG03304	HG03304	0.245352042767
HG03311	HG03311	4.45498167363
HG03313	HG03313	-1.84928689141
HG03342	HG03342	-0.901553902785
HG03343	HG03343	-2.5730633395
HG03351	HG03351	3.25443354615
HG03352	HG03352	7.60739245413
HG03354	HG03354	4.98023276869
HG03363	HG03363	2.7597401806
HG03366	HG03366	3.02379707317
HG03367	HG03367	2.01369062269
HG03369	HG03369	-1.38956534821
HG03370	HG03370	3.84285880661
HG03372	HG03372	4.64747657625
HG03376	HG03376	2.83890047806
HG03378	HG03378	2.08788818411
HG03380	HG03380	3.23784787813
HG03382	HG03382	-0.0819165467536
HG03385	HG03385	1.32007278845
HG03388	HG03388	1.33405957205
HG03391	HG03391	1.78664684081
HG03394	HG03394	3.06242345375
HG03397	HG03397	2.38717029312
HG03401	HG03401	6.07121258351
HG03410	HG03410	-0.774260021927
HG03419	HG03419	2.90769559048
HG03428	HG03428	-2.10196103669
HG03432	HG03432	0.728143332261
HG03433	HG03433	4.34927114543
HG03436	HG03436	3.84695912314
HG03437	HG03437	-2.84468436032
HG03439	HG03439	2.68475166683
HG03442	HG03442	4.89484540036
HG03445	HG03445	0.543939648101
HG03446	HG03446	-2.78182002907
HG03449	HG03449	-1.85270127732
HG03451	HG03451	3.21849917925
HG03452	HG03452	5.96021204046
HG03455	HG03455	-2.67225205038
HG03457	HG03457	2.35898518709
HG03458	HG03458	-0.807509453707
HG03460	HG03460	-0.73684622042
HG03461	HG03461	-4.19111352554
HG03464	HG03464	4.81200074074
HG03469	HG03469	-4.87737117016
HG03470	HG03470	3.71125803873
HG03472	HG03472	2.68986420929
HG03473	HG03473	-1.52601447524
HG03476	HG03476	-1.25504614705
HG03478	HG03478	-0.233884312322
HG03479	HG03479	2.28439424134
HG03484	HG03484	-2.0997978922
HG03485	HG03485	3.98967982614
HG03488	HG03488	-2.59566486083
HG03490	HG03490	3.93116345541
HG03491	HG03491	1.08004456153
HG03499	HG03499	-4.29035172392
HG03511	HG03511	-2.36556783295
HG03514	HG03514	-3.06444983709
HG03515	HG03515	1.68087187592
HG03517	HG03517	8.00099376619
HG03518	HG03518	0.513927753641
HG03520	HG03520	0.630340512214
HG03521	HG03521	-0.96371619356
HG03538	HG03538	0.0731956422044
HG03539	HG03539	3.15454194834
HG03547	HG03547	2.86671039301
HG03548	HG03548	1.85139750484
HG03556	HG03556	-1.41750012416
HG03557	HG03557	0.579125889448
HG03558	HG03558	1.00961792731
HG03559	HG03559	0.644227769221
HG03563	HG03563	-0.690854213662
HG03565	HG03565	4.54471246337
HG03567	HG03567	-2.12701919057
HG03571	HG03571	1.63133473225
HG03572	HG03572	2.93689920026
HG03575	HG03575	-6.01648445597
HG03577	HG03577	-2.89418509227
HG03578	HG03578	0.0369831797825
HG03583	HG03583	-3.73208638867
HG03585	HG03585	0.474339736958
HG03589	HG03589	-2.18739895044
HG03593	HG03593	-4.02860147597
HG03594	HG03594	-0.568027664707
HG03595	HG03595	-2.38732534201
HG03598	HG03598	-2.25880096236
HG03600	HG03600	-2.56205990985
HG03603	HG03603	4.58223632239
HG03604	HG03604	2.34945578514
HG03607	HG03607	0.205573455637
HG03611	HG03611	-0.327684475175
HG03615	HG03615	-1.71782222505
HG03616	HG03616	-1.85535280256
HG03619	HG03619	-3.7780002819
HG03624	HG03624	-2.79107413062
HG03625	HG03625	1.39070248764
HG03629	HG03629	-1.64610799895
HG03631	HG03631	1.02745634692
HG03634	HG03634	-5.24725599457
HG03636	HG03636	-0.646849722174
HG03640	HG03640	1.12724453986
HG03642	HG03642	-1.33250215688
HG03643	HG03643	2.77934547579
HG03644	HG03644	0.943399262423
HG03645	HG03645	4.02704824953
HG03646	HG03646	-2.09629176402
HG03649	HG03649	-4.99404427464
HG03652	HG03652	1.2459159561
HG03653	HG03653	-2.0284220919
HG03660	HG03660	-1.11008386502
HG03663	HG03663	-1.33281667324
HG03667	HG03667	-2.31080149931
HG03668	HG03668	-2.78189130446
HG03672	HG03672	-1.0765653258
HG03673	HG03673	3.52601934765
HG03679	HG03679	2.04136439675
HG03680	HG03680	7.38746290551
HG03681	HG03681	-3.69520923285
HG03684	HG03684	6.99534690867
HG03685	HG03685	3.2877162133
HG03686	HG03686	3.8570906738
HG03687	HG03687	5.88767785543
HG03689	HG03689	-2.36269500133
HG03690	HG03690	-2.78890379347
HG03691	HG03691	-5.44278218989
HG03692	HG03692	-2.68388072463
HG03693	HG03693	3.32458416859
HG03694	HG03694	-0.834002424855
HG03695	HG03695	4.03172653048
HG03696	HG03696	-1.27533710789
HG03697	HG03697	3.86237947711
HG03698	HG03698	-1.42309089053
HG03702	HG03702	-3.0107539116
HG03703	HG03703	6.01010235242
HG03705	HG03705	0.875759970448
HG03706	HG03706	1.70958614744
HG03708	HG03708	6.6310487594
HG03709	HG03709	-5.5210205672
HG03711	HG03711	2.87984199046
HG03713	HG03713	5.4788442625
HG03714	HG03714	-1.42227868445
HG03716	HG03716	-6.36316399856
HG03717	HG03717	1.22067528564
HG03718	HG03718	-1.27315212439
HG03720	HG03720	-0.61643696402
HG03722	HG03722	6.31791223406
HG03727	HG03727	3.14796294761
HG03729	HG03729	0.752485612991
HG03730	HG03730	2.3901042009
HG03731	HG03731	1.57018743583
HG03733	HG03733	-0.483247087627
HG03736	HG03736	0.83955376706
HG03738	HG03738	0.239351989424
HG03740	HG03740	1.88793897554
HG03741	HG03741	-6.86576101785
HG03742	HG03742	2.59575318025
HG03743	HG03743	-4.45674748505
HG03744	HG03744	1.189177975
HG03745	HG03745	-0.481519968807
HG03746	HG03746	-0.700283072108
HG03750	HG03750	3.60021036701
HG03752	HG03752	-3.45532474393
HG03753	HG03753	-0.420783317914
HG03754	HG03754	-1.19353962258
HG03755	HG03755	-0.540096789882
HG03756	HG03756	-1.57939797021
HG03757	HG03757	-2.2286786333
HG03760	HG03760	2.8886713047
HG03762	HG03762	2.05764899594
HG03765	HG03765	-1.68358204338
HG03767	HG03767	3.58787953525
HG03770	HG03770	2.1401844143
HG03771	HG03771	-0.550409196145
HG03772	HG03772	-2.32712522309
HG03773	HG03773	-3.45428886071
HG03774	HG03774	2.78599672911
HG03775	HG03775	-5.97003589971
HG03777	HG03777	2.87265296704
HG03778	HG03778	4.58687163989
HG03779	HG03779	-0.101398517424
HG03780	HG03780	-4.83110429387
HG03781	HG03781	3.08558361679
HG03782	HG03782	-0.0725642009667
HG03784	HG03784	-2.71725220444
HG03785	HG03785	4.40031299635
HG03786	HG03786	8.1661001173
HG03787	HG03787	-0.404709597159
HG03788	HG03788	1.42726740476
HG03789	HG03789	3.43195585959
HG03790	HG03790	1.65296371072
HG03792	HG03792	0.647240963894
HG03793	HG03793	-0.797221117159
HG03796	HG03796	0.638558013476
HG03800	HG03800	-1.51686070922
HG03802	HG03802	2.77513441447
HG03803	HG03803	1.61851249342
HG03805	HG03805	0.78881686939
HG03808	HG03808	-5.07291697539
HG03809	HG03809	4.27617893792
HG03812	HG03812	-1.25671048169
HG03814	HG03814	0.59064252834
HG03815	HG03815	2.59267579386
HG03817	HG03817	-0.317265627823
HG03821	HG03821	3.33389855631
HG03823	HG03823	7.15305124122
HG03824	HG03824	0.297268713586
HG03826	HG03826	1.34598065603
HG03829	HG03829	5.91589474317
HG03830	HG03830	3.72509475574
HG03832	HG03832	1.85941151766
HG03833	HG03833	-0.770065827636
HG03836	HG03836	0.242087312957
HG03837	HG03837	-3.90052124559
HG03838	HG03838	-4.18190902155
HG03844	HG03844	5.94432784739
HG03846	HG03846	-1.77827034441
HG03848	HG03848	-0.986504032293
HG03849	HG03849	-0.0717424125418
HG03850	HG03850	-0.388372469987
HG03851	HG03851	1.3706120348
HG03854	HG03854	2.55698180376
HG03856	HG03856	1.85959951226
HG03857	HG03857	5.32448846301
HG03858	HG03858	1.96495772808
HG03861	HG03861	0.523827123719
HG03862	HG03862	2.90260584226
HG03863	HG03863	-2.65109239637
HG03864	HG03864	1.34744155962
HG03866	HG03866	1.80070984567
HG03867	HG03867	-5.36760890129
HG03868	HG03868	1.1584833003
HG03869	HG03869	1.12908879254
HG03870	HG03870	-3.81186177896
HG03871	HG03871	5.30233594042
HG03872	HG03872	1.75239897318
HG03873	HG03873	6.67195852772
HG03874	HG03874	0.472183262555
HG03875	HG03875	-1.74059209202
HG03882	HG03882	5.26941371334
HG03884	HG03884	-3.27764667061
HG03885	HG03885	-2.73515946515
HG03886	HG03886	2.21590870631
HG03887	HG03887	3.44955013223
HG03888	HG03888	3.3622541752
HG03890	HG03890	6.05053235352
HG03894	HG03894	-1.19743670151
HG03895	HG03895	3.59332477598
HG03896	HG03896	-2.13264537871
HG03897	HG03897	-3.8832579964
HG03898	HG03898	2.45602120104
HG03899	HG03899	-1.5259664966
HG03900	HG03900	4.12833543752
HG03902	HG03902	-0.359608648348
HG03905	HG03905	3.8245665402
HG03907	HG03907	3.0253889898
HG03908	HG03908	0.507720988094
HG03910	HG03910	0.346929994126
HG03911	HG03911	0.545669812354
HG03913	HG03913	0.592184822358
HG03914	HG03914	3.02046208598
HG03916	HG03916	-3.35074806128
HG03917	HG03917	-2.4408647078
HG03919	HG03919	-1.03030697856
HG03920	HG03920	-2.44961715136
HG03922	HG03922	3.04511528433
HG03925	HG03925	2.00813631465
HG03926	HG03926	-0.449890538044
HG03928	HG03928	-3.01943830827
HG03931	HG03931	-1.30025567943
HG03934	HG03934	1.12338060131
HG03937	HG03937	-0.763775537401
HG03940	HG03940	-1.98617694234
HG03941	HG03941	0.413390439938
HG03943	HG03943	3.04859875047
HG03944	HG03944	-1.8966984258
HG03945	HG03945	3.55246142092
HG03947	HG03947	-0.776936360302
HG03949	HG03949	2.21832180235
HG03950	HG03950	7.62178693714
HG03951	HG03951	4.32712408968
HG03953	HG03953	-1.081050699
HG03955	HG03955	-4.09142194557
HG03960	HG03960	-0.887056308584
HG03963	HG03963	-2.92698315596
HG03965	HG03965	1.33914825568
HG03967	HG03967	-0.830676718719
HG03968	HG03968	3.30862261659
HG03969	HG03969	-1.71541785985
HG03971	HG03971	-0.524137693896
HG03973	HG03973	-2.85662810972
HG03974	HG03974	1.75782914281
HG03976	HG03976	-1.19554496148
HG03977	HG03977	0.23002793679
HG03978	HG03978	-1.82700797216
HG03985	HG03985	2.21185451355
HG03986	HG03986	1.88403149724
HG03989	HG03989	0.559232943039
HG03990	HG03990	0.677865350304
HG03991	HG03991	8.05960221627
HG03995	HG03995	1.97265927075
HG03998	HG03998	5.18872813162
HG03999	HG03999	4.903815896
HG04001	HG04001	-4.80015473745
HG04002	HG04002	-1.1115205737
HG04003	HG04003	-1.97988014437
HG04006	HG04006	-4.07225369587
HG04014	HG04014	-1.06433085803
HG04015	HG04015	-1.96552752773
HG04017	HG04017	0.638479819459
HG04018	HG04018	2.52301834431
HG04019	HG04019	1.57751269092
HG04020	HG04020	0.241634023793
HG04022	HG04022	-3.31007176555
HG04023	HG04023	1.43257552461
HG04025	HG04025	-1.01991484652
HG04026	HG04026	-2.20430919374
HG04029	HG04029	-1.24393642209
HG04033	HG04033	0.609557074501
HG04035	HG04035	-3.43186521125
HG04038	HG04038	-1.81637151379
HG04039	HG04039	3.62474896695
HG04042	HG04042	-1.22857375788
HG04047	HG04047	-0.608809701223
HG04054	HG04054	-3.36024888379
HG04056	HG04056	1.47771724554
HG04059	HG04059	1.76910476184
HG04060	HG04060	1.55394935666
HG04061	HG04061	-5.61841742509
HG04062	HG04062	-2.53726978992
HG04063	HG04063	6.04479958018
HG04070	HG04070	-0.845805006178
HG04075	HG04075	1.78372763187
HG04076	HG04076	0.638943760833
HG04080	HG04080	2.71573787091
HG04090	HG04090	3.69890689971
HG04093	HG04093	-0.0885858190663
HG04094	HG04094	-1.87398016172
HG04096	HG04096	-4.76957244341
HG04098	HG04098	-2.37671328421
HG04099	HG04099	-3.35281919747
HG04100	HG04100	-3.71377229508
HG04106	HG04106	0.977079466096
HG04107	HG04107	-0.406060789776
HG04118	HG04118	-0.658304971862
HG04131	HG04131	3.35258651504
HG04134	HG04134	-1.25384813953
HG04140	HG04140	0.330142575857
HG04141	HG04141	2.72965980225
HG04144	HG04144	-1.42135220208
HG04146	HG04146	3.55838763196
HG04152	HG04152	3.73467459809
HG04153	HG04153	0.0944331727474
HG04155	HG04155	3.88340983562
HG04156	HG04156	-2.65747203404
HG04158	HG04158	3.31062325548
HG04159	HG04159	-3.46332949384
HG04161	HG04161	-3.30063527036
HG04162	HG04162	-3.25990669727
HG04164	HG04164	-0.880587803813
HG04171	HG04171	5.57720047405
HG04173	HG04173	-1.79235782009
HG04176	HG04176	-0.117704086409
HG04177	HG04177	1.23666204987
HG04180	HG04180	8.53034067469
HG04182	HG04182	0.00515630279243
HG04183	HG04183	0.429324729111
HG04185	HG04185	-4.75579044982
HG04186	HG04186	-5.17183768174
HG04188	HG04188	2.92732003621
HG04189	HG04189	-1.38861217846
HG04194	HG04194	1.70517457828
HG04195	HG04195	-3.80386850002
HG04198	HG04198	3.36132397944
HG04200	HG04200	-6.18844804531
HG04202	HG04202	4.53541921447
HG04206	HG04206	1.72037792006
HG04209	HG04209	0.0708405969067
HG04210	HG04210	-2.30075224593
HG04211	HG04211	-0.755177715362
HG04212	HG04212	-3.51395904654
HG04214	HG04214	-2.19987052214
HG04216	HG04216	4.19837685834
HG04219	HG04219	-8.44628724055
HG04222	HG04222	1.88810938668
HG04225	HG04225	-2.72772858605
HG04227	HG04227	5.63997675718
HG04229	HG04229	-0.0861537355076
HG04235	HG04235	-0.854407845837
HG04238	HG04238	8.42353082004
HG04239	HG04239	-5.03670922409
NA06984	NA06984	4.18334488639
NA06985	NA06985	-6.39325914185
NA06986	NA06986	-3.04820142174
NA06989	NA06989	5.84510444397
NA06994	NA06994	-5.15347416624
NA07000	NA07000	2.11158160077
NA07037	NA07037	-1.81375787287
NA07048	NA07048	-2.76816388742
NA07051	NA07051	0.59422877741
NA07056	NA07056	0.0234916859788
NA07347	NA07347	1.91260096794
NA07357	NA07357	-0.109601731327
NA10847	NA10847	1.69369123107
NA10851	NA10851	-1.37170299632
NA11829	NA11829	1.59464253834
NA11830	NA11830	6.28767005858
NA11831	NA11831	-1.46621187895
NA11832	NA11832	-0.636445899681
NA11840	NA11840	1.11941983437
NA11843	NA11843	-2.58724837769
NA11881	NA11881	-0.821518690345
NA11892	NA11892	2.11809228877
NA11893	NA11893	1.08211987842
NA11894	NA11894	0.434469837719
NA11918	NA11918	-2.76334402327
NA11919	NA11919	5.89489594894
NA11920	NA11920	4.79861487129
NA11930	NA11930	2.32233252123
NA11931	NA11931	-0.582098473014
NA11932	NA11932	-6.92967575334
NA11933	NA11933	2.171369756
NA11992	NA11992	-2.56875262707
NA11994	NA11994	-1.98107532303
NA11995	NA11995	-6.40849995509
NA12003	NA12003	6.26685048689
NA12004	NA12004	-5.93091175013
NA12005	NA12005	2.64428970592
NA12006	NA12006	1.94257546278
NA12043	NA12043	0.306482544639
NA12044	NA12044	-0.997826740891
NA12045	NA12045	4.74038662097
NA12046	NA12046	3.15591430105
NA12058	NA12058	-0.990110170794
NA12144	NA12144	1.78523513299
NA12154	NA12154	-2.52048094325
NA12155	NA12155	-2.50849474505
NA12156	NA12156	0.300538921565
NA12234	NA12234	1.36320677287
NA12249	NA12249	-4.21802685656
NA12272	NA12272	-0.863040666197
NA12273	NA12273	0.50523113532
NA12275	NA12275	0.888305797118
NA12282	NA12282	-0.520500199615
NA12283	NA12283	5.53126561171
NA12286	NA12286	-2.79668338606
NA12287	NA12287	1.84397605089
NA12340	NA12340	-3.74981503875
NA12341	NA12341	0.80679306759
NA12342	NA12342	2.2119065034
NA12347	NA12347	-0.0847387922797
NA12348	NA12348	-3.3981084828
NA12383	NA12383	-0.0474823601578
NA12399	NA12399	-1.78581022224
NA12400	NA12400	0.35210861061
NA12413	NA12413	0.887563221708
NA12414	NA12414	0.687377259126
NA12489	NA12489	5.29226949235
NA12546	NA12546	2.09008013188
NA12716	NA12716	2.2117710764
NA12717	NA12717	2.61143458361
NA12718	NA12718	3.88566143424
NA12748	NA12748	-0.388102493597
NA12749	NA12749	-7.22732765438
NA12750	NA12750	-4.61374555121
NA12751	NA12751	-3.97659331464
NA12760	NA12760	7.16850743541
NA12761	NA12761	2.73301472949
NA12762	NA12762	-0.0381551627251
NA12763	NA12763	1.56061110456
NA12775	NA12775	3.04611976956
NA12776	NA12776	-2.00027500307
NA12777	NA12777	9.4924319359
NA12778	NA12778	3.05828982042
NA12812	NA12812	9.03797267907
NA12813	NA12813	-4.51117474719
NA12814	NA12814	-2.01587393737
NA12815	NA12815	0.800460123762
NA12827	NA12827	2.13000562184
NA12828	NA12828	3.02770700463
NA12829	NA12829	-1.59867753222
NA12830	NA12830	4.19858943004
NA12842	NA12842	-1.03649772473
NA12843	NA12843	1.47858902149
NA12872	NA12872	3.40809602847
NA12873	NA12873	2.13542039755
NA12874	NA12874	-3.00307715531
NA12878	NA12878	-3.34124104832
NA12889	NA12889	0.57231121505
NA12890	NA12890	0.580079809653
NA18486	NA18486	-3.40612743601
NA18488	NA18488	2.73970181843
NA18489	NA18489	2.71747122501
NA18498	NA18498	1.33816949782
NA18499	NA18499	3.41114223306
NA18501	NA18501	-3.9662797938
NA18502	NA18502	-3.14782091248
NA18504	NA18504	11.7299435442
NA18505	NA18505	-1.02036197275
NA18507	NA18507	3.26862150997
NA18508	NA18508	-6.96711926488
NA18510	NA18510	-0.451036732151
NA18511	NA18511	4.67791646424
NA18516	NA18516	-1.26646511151
NA18517	NA18517	-0.641190632071
NA18519	NA18519	-1.83550162837
NA18520	NA18520	-2.10263579091
NA18522	NA18522	-1.93902242414
NA18523	NA18523	0.808634689616
NA18525	NA18525	3.70644444558
NA18526	NA18526	-2.39665020147
NA18528	NA18528	2.73800693943
NA18530	NA18530	-1.06900148486
NA18531	NA18531	-1.40876866275
NA18532	NA18532	-0.997331127045
NA18533	NA18533	-0.378940973418
NA18534	NA18534	-1.2503485474
NA18535	NA18535	11.3246257004
NA18536	NA18536	-2.19235017067
NA18537	NA18537	-0.278057682246
NA18538	NA18538	-3.1962074464
NA18539	NA18539	3.86297182502
NA18541	NA18541	-2.88303963035
NA18542	NA18542	3.98021541402
NA18543	NA18543	0.0467047413861
NA18544	NA18544	0.0573497694587
NA18545	NA18545	-3.93578423627
NA18546	NA18546	3.10899557529
NA18547	NA18547	0.260603456979
NA18548	NA18548	-5.4310209561
NA18549	NA18549	-5.95368542112
NA18550	NA18550	-0.371325030701
NA18552	NA18552	-2.22906818747
NA18553	NA18553	1.14852510182
NA18555	NA18555	-5.37982303973
NA18557	NA18557	0.527471097933
NA18558	NA18558	-2.38391836938
NA18559	NA18559	4.58464431179
NA18560	NA18560	1.4642309804
NA18561	NA18561	5.40318620779
NA18562	NA18562	-1.70216042798
NA18563	NA18563	0.941989002116
NA18564	NA18564	3.12241272259
NA18565	NA18565	1.6249204324
NA18566	NA18566	0.410999969082
NA18567	NA18567	5.54972752754
NA18570	NA18570	2.9928695502
NA18571	NA18571	0.649302486136
NA18572	NA18572	2.87775105843
NA18573	NA18573	2.24089869444
NA18574	NA18574	4.51438312573
NA18577	NA18577	-0.491251096275
NA18579	NA18579	-1.09957774356
NA18582	NA18582	-1.71952290529
NA18591	NA18591	0.560850241425
NA18592	NA18592	1.40510885774
NA18593	NA18593	-0.469023458663
NA18595	NA18595	2.01712995751
NA18596	NA18596	-0.553631403766
NA18597	NA18597	6.71760441883
NA18599	NA18599	0.766133808673
NA18602	NA18602	-2.69796530088
NA18603	NA18603	6.36423688783
NA18605	NA18605	-1.97168407199
NA18606	NA18606	-4.1184151392
NA18608	NA18608	0.217097346582
NA18609	NA18609	-2.08275964349
NA18610	NA18610	2.1736726735
NA18611	NA18611	-5.46512973525
NA18612	NA18612	4.36315522027
NA18613	NA18613	-3.54803173788
NA18614	NA18614	5.08446361992
NA18615	NA18615	1.58333987
NA18616	NA18616	-0.134129325296
NA18617	NA18617	5.00435873987
NA18618	NA18618	0.133606333288
NA18619	NA18619	-3.123917641
NA18620	NA18620	3.53605757428
NA18621	NA18621	1.35812517553
NA18622	NA18622	-1.36672044907
NA18623	NA18623	3.80511265036
NA18624	NA18624	-2.62151962793
NA18625	NA18625	1.53455409311
NA18626	NA18626	-2.6363366061
NA18627	NA18627	3.91791395237
NA18628	NA18628	-0.741605397194
NA18629	NA18629	3.82766792224
NA18630	NA18630	4.0038708482
NA18631	NA18631	0.33515441654
NA18632	NA18632	3.19302241219
NA18633	NA18633	0.719339382421
NA18634	NA18634	-6.84576415715
NA18635	NA18635	-1.89069200135
NA18636	NA18636	0.537704071168
NA18637	NA18637	-1.82087504728
NA18638	NA18638	-1.8804439431
NA18639	NA18639	5.85252872582
NA18640	NA18640	-1.09601289423
NA18641	NA18641	2.31742717434
NA18642	NA18642	1.15159669521
NA18643	NA18643	-2.41239578644
NA18644	NA18644	-0.288486067424
NA18645	NA18645	-5.95846560515
NA18646	NA18646	5.69482010657
NA18647	NA18647	4.96554809351
NA18648	NA18648	2.57622680705
NA18740	NA18740	1.60105688229
NA18745	NA18745	-1.25581783319
NA18747	NA18747	5.37775555497
NA18748	NA18748	-2.76833293166
NA18749	NA18749	-4.05584107326
NA18757	NA18757	1.7260263964
NA18853	NA18853	-3.06560879893
NA18856	NA18856	6.7533030488
NA18858	NA18858	0.256834058795
NA18861	NA18861	-5.86626967511
NA18864	NA18864	3.38502590639
NA18865	NA18865	0.550485976579
NA18867	NA18867	-2.36816635572
NA18868	NA18868	7.58620689708
NA18870	NA18870	-0.965961567295
NA18871	NA18871	4.64215257544
NA18873	NA18873	-1.37124818008
NA18874	NA18874	2.0815971349
NA18876	NA18876	4.43891397079
NA18877	NA18877	0.194559120841
NA18878	NA18878	4.90813473653
NA18879	NA18879	0.158083951531
NA18881	NA18881	7.55802103113
NA18907	NA18907	-2.81071675777
NA18908	NA18908	2.5064809348
NA18909	NA18909	0.168808613302
NA18910	NA18910	-0.601904364961
NA18912	NA18912	0.862993272508
NA18915	NA18915	2.33164116409
NA18916	NA18916	-2.05776554741
NA18917	NA18917	2.65167992658
NA18923	NA18923	2.27301647007
NA18924	NA18924	4.309037196
NA18933	NA18933	-3.08658109905
NA18934	NA18934	2.73522233072
NA18939	NA18939	2.48483981517
NA18940	NA18940	1.56761645521
NA18941	NA18941	-4.68251683732
NA18942	NA18942	-0.419246594845
NA18943	NA18943	-7.25091715271
NA18944	NA18944	3.47797009742
NA18945	NA18945	4.9665059852
NA18946	NA18946	1.37962874874
NA18947	NA18947	0.881424738655
NA18948	NA18948	4.64538483384
NA18949	NA18949	3.41414985385
NA18950	NA18950	1.3193539605
NA18951	NA18951	4.659681276
NA18952	NA18952	-1.45037070338
NA18953	NA18953	-1.11312936627
NA18954	NA18954	0.985416178802
NA18956	NA18956	-2.08329559648
NA18957	NA18957	-1.75663122905
NA18959	NA18959	-0.499631807699
NA18960	NA18960	-0.594357399008
NA18961	NA18961	4.9436579418
NA18962	NA18962	6.48368374132
NA18963	NA18963	0.394266516247
NA18964	NA18964	2.93414057647
NA18965	NA18965	3.53209432652
NA18966	NA18966	0.807935583156
NA18967	NA18967	-0.383940044899
NA18968	NA18968	0.978843606586
NA18969	NA18969	6.7707282875
NA18970	NA18970	1.24023157906
NA18971	NA18971	-4.50057802436
NA18972	NA18972	1.03037219793
NA18973	NA18973	0.106121751507
NA18974	NA18974	1.58053853152
NA18975	NA18975	3.04383945299
NA18976	NA18976	-2.0658112403
NA18977	NA18977	1.86108698344
NA18978	NA18978	0.61513208322
NA18979	NA18979	-1.00700776969
NA18980	NA18980	-2.45086016748
NA18981	NA18981	-3.53332217926
NA18982	NA18982	-1.24123479906
NA18983	NA18983	-2.99968191324
NA18984	NA18984	-0.00377733808655
NA18985	NA18985	-1.7608686658
NA18986	NA18986	0.0533088397883
NA18987	NA18987	-0.913926059084
NA18988	NA18988	0.120412061962
NA18989	NA18989	-6.10826935615
NA18990	NA18990	4.99054753679
NA18991	NA18991	-2.98920237221
NA18992	NA18992	2.95795574233
NA18993	NA18993	-0.659332112391
NA18994	NA18994	-0.434085415209
NA18995	NA18995	0.201940074676
NA18997	NA18997	1.28166652049
NA18998	NA18998	-1.51362757071
NA18999	NA18999	3.05713751872
NA19000	NA19000	3.61279668207
NA19001	NA19001	-0.564906550294
NA19002	NA19002	-4.42654469444
NA19003	NA19003	2.21286259879
NA19004	NA19004	5.24574183134
NA19005	NA19005	-0.642016505486
NA19006	NA19006	0.755280010875
NA19007	NA19007	5.37244038962
NA19009	NA19009	-2.31030468774
NA19010	NA19010	6.9394195409
NA19011	NA19011	1.42569024788
NA19012	NA19012	2.46196996903
NA19017	NA19017	-3.73753333951
NA19019	NA19019	0.371063313141
NA19020	NA19020	3.56982940517
NA19023	NA19023	5.67398179442
NA19024	NA19024	-0.739943101831
NA19025	NA19025	-2.3060331818
NA19026	NA19026	2.56610231119
NA19027	NA19027	4.10448016924
NA19028	NA19028	-2.89866911838
NA19030	NA19030	3.52119424326
NA19031	NA19031	3.23328038752
NA19035	NA19035	-1.46471626372
NA19036	NA19036	2.08590246579
NA19037	NA19037	-2.08754008747
NA19038	NA19038	1.14373912411
NA19041	NA19041	-0.185854045231
NA19042	NA19042	-1.63205149567
NA19043	NA19043	4.6286843744
NA19054	NA19054	-2.27120702921
NA19055	NA19055	-3.71771655612
NA19056	NA19056	2.10553365299
NA19057	NA19057	1.49730064751
NA19058	NA19058	0.0754515552366
NA19059	NA19059	-3.72526084652
NA19060	NA19060	-2.3671020805
NA19062	NA19062	0.433026756509
NA19063	NA19063	4.61231025492
NA19064	NA19064	5.94795447284
NA19065	NA19065	-3.04575687187
NA19066	NA19066	-1.23750517382
NA19067	NA19067	-9.451966727
NA19068	NA19068	2.54231365887
NA19070	NA19070	-2.6014269955
NA19072	NA19072	-0.111556381111
NA19074	NA19074	-0.858218359883
NA19075	NA19075	2.24388641529
NA19076	NA19076	2.55940381749
NA19077	NA19077	2.43811855765
NA19078	NA19078	2.10847042155
NA19079	NA19079	0.814405674466
NA19080	NA19080	-1.48630487486
NA19081	NA19081	0.938658139634
NA19082	NA19082	6.4720088601
NA19083	NA19083	6.18561231238
NA19084	NA19084	2.65865020783
NA19085	NA19085	-0.232428326193
NA19086	NA19086	1.25448839949
NA19087	NA19087	0.381236517102
NA19088	NA19088	0.773746393649
NA19089	NA19089	-2.83386766998
NA19090	NA19090	-3.43168138064
NA19091	NA19091	2.88660628631
NA19092	NA19092	0.389567418254
NA19093	NA19093	0.97958340954
NA19095	NA19095	1.19205066555
NA19096	NA19096	2.61801178019
NA19098	NA19098	6.45065023337
NA19099	NA19099	4.78280754629
NA19102	NA19102	-3.36883314343
NA19107	NA19107	-0.228624316978
NA19108	NA19108	1.27834920801
NA19113	NA19113	3.80334137164
NA19114	NA19114	2.47755211685
NA19116	NA19116	-2.85967758385
NA19117	NA19117	-1.53976130535
NA19118	NA19118	0.141121600197
NA19119	NA19119	3.25166860323
NA19121	NA19121	4.52954610236
NA19129	NA19129	-5.14722155926
NA19130	NA19130	0.838337177117
NA19131	NA19131	-1.34162943977
NA19137	NA19137	5.14981752222
NA19138	NA19138	4.08205680848
NA19141	NA19141	4.1474177846
NA19143	NA19143	6.2648511058
NA19144	NA19144	-0.365820730801
NA19146	NA19146	-0.805850538945
NA19147	NA19147	-0.684718960128
NA19149	NA19149	3.33615682341
NA19152	NA19152	0.866907753862
NA19153	NA19153	2.82605712076
NA19159	NA19159	-5.19847171353
NA19160	NA19160	0.99963923198
NA19171	NA19171	0.349687916495
NA19172	NA19172	-2.5413934802
NA19175	NA19175	-1.80625568268
NA19184	NA19184	4.25609467639
NA19185	NA19185	-2.78252144169
NA19189	NA19189	-2.18601443556
NA19190	NA19190	-2.87182117455
NA19197	NA19197	4.70142380769
NA19198	NA19198	-1.1232956871
NA19200	NA19200	2.44247787177
NA19201	NA19201	4.30602730492
NA19204	NA19204	8.40255780288
NA19206	NA19206	4.81404598929
NA19207	NA19207	5.34432780543
NA19209	NA19209	-10.4617326508
NA19210	NA19210	0.835957537176
NA19213	NA19213	-1.83936164677
NA19214	NA19214	2.64950195456
NA19222	NA19222	3.58092401079
NA19223	NA19223	2.38318449258
NA19225	NA19225	0.54144276081
NA19235	NA19235	0.48824271169
NA19236	NA19236	-0.0481526568759
NA19238	NA19238	2.90497918392
NA19239	NA19239	-3.15276348928
NA19247	NA19247	-1.28551195466
NA19248	NA19248	7.52382711159
NA19256	NA19256	-3.51190773957
NA19257	NA19257	0.798203453541
NA19307	NA19307	1.99922771247
NA19308	NA19308	0.15212854807
NA19309	NA19309	-2.20879890043
NA19310	NA19310	-1.11681453838
NA19312	NA19312	9.50757226746
NA19314	NA19314	6.64105117558
NA19315	NA19315	0.581533626734
NA19316	NA19316	-2.23595164635
NA19317	NA19317	0.0379857765861
NA19318	NA19318	-5.11944704329
NA19319	NA19319	1.68333130202
NA19320	NA19320	-3.29051502582
NA19321	NA19321	-3.89782816159
NA19323	NA19323	0.973024055736
NA19324	NA19324	-0.467421725834
NA19327	NA19327	-3.79633141731
NA19328	NA19328	4.00086495255
NA19331	NA19331	6.16365080275
NA19332	NA19332	-1.11094918374
NA19334	NA19334	2.73204426933
NA19338	NA19338	0.88987908208
NA19346	NA19346	0.917944433919
NA19347	NA19347	0.861014069645
NA19350	NA19350	-0.105550613797
NA19351	NA19351	0.00655332007389
NA19355	NA19355	-0.676424644874
NA19360	NA19360	5.72728486642
NA19372	NA19372	9.07719921614
NA19374	NA19374	0.824989539001
NA19375	NA19375	1.77141106893
NA19376	NA19376	-1.68001196703
NA19377	NA19377	2.34504002271
NA19378	NA19378	-1.5282718746
NA19379	NA19379	-0.441179596483
NA19380	NA19380	4.42741667691
NA19383	NA19383	1.80631838299
NA19384	NA19384	3.42064477842
NA19385	NA19385	-0.795015449335
NA19390	NA19390	3.28177360807
NA19391	NA19391	1.8980392453
NA19393	NA19393	2.71711749075
NA19394	NA19394	1.33370476861
NA19395	NA19395	2.44998446931
NA19397	NA19397	-5.29814739892
NA19399	NA19399	-4.50813018927
NA19401	NA19401	3.28652713123
NA19403	NA19403	4.54605749332
NA19404	NA19404	5.23483005694
NA19428	NA19428	6.49906732424
NA19429	NA19429	4.37151479815
NA19430	NA19430	2.57666096139
NA19431	NA19431	2.64793296177
NA19434	NA19434	3.19797518549
NA19435	NA19435	8.36892285661
NA19436	NA19436	0.295922394883
NA19437	NA19437	3.34814041045
NA19438	NA19438	6.80899977612
NA19439	NA19439	0.34666528446
NA19440	NA19440	6.10491876161
NA19443	NA19443	-5.08464512046
NA19445	NA19445	-0.777367178648
NA19446	NA19446	-0.560543781958
NA19448	NA19448	-0.557359905575
NA19449	NA19449	6.49150218762
NA19451	NA19451	-0.282301103615
NA19452	NA19452	-0.446267953351
NA19454	NA19454	1.22074977971
NA19455	NA19455	3.79424822524
NA19456	NA19456	1.14201189966
NA19457	NA19457	-5.63972400439
NA19461	NA19461	-2.25002248645
NA19462	NA19462	3.25069421491
NA19463	NA19463	0.22521145523
NA19466	NA19466	3.18171778318
NA19467	NA19467	4.47995621263
NA19468	NA19468	0.459820386039
NA19471	NA19471	-0.820771517421
NA19472	NA19472	-0.250330659873
NA19473	NA19473	1.24635264372
NA19474	NA19474	2.71794594868
NA19475	NA19475	-3.72407456596
NA19625	NA19625	0.0820715200065
NA19648	NA19648	-0.957806660418
NA19649	NA19649	-0.437508251206
NA19651	NA19651	-0.513224088046
NA19652	NA19652	2.26938545404
NA19654	NA19654	-6.18179643939
NA19655	NA19655	-0.891160296439
NA19657	NA19657	-4.01798809143
NA19658	NA19658	4.17583640544
NA19661	NA19661	3.31070548855
NA19663	NA19663	0.894116370326
NA19664	NA19664	2.67204922013
NA19669	NA19669	-0.802526151753
NA19670	NA19670	5.33879145843
NA19676	NA19676	-0.54994931042
NA19678	NA19678	7.54386985427
NA19679	NA19679	5.40419240091
NA19681	NA19681	-5.30810587347
NA19682	NA19682	-4.64717014358
NA19684	NA19684	-7.01095602729
NA19700	NA19700	-0.491873000964
NA19701	NA19701	-2.37421388187
NA19703	NA19703	6.91611927787
NA19704	NA19704	-2.05057579883
NA19707	NA19707	4.79680723016
NA19711	NA19711	-7.32085547443
NA19712	NA19712	2.35601376592
NA19713	NA19713	2.34146197009
NA19716	NA19716	-2.79296142616
NA19717	NA19717	2.24794271885
NA19719	NA19719	-0.906234593472
NA19720	NA19720	-0.5474873449
NA19722	NA19722	-1.97234302498
NA19723	NA19723	5.89732242587
NA19725	NA19725	-1.18552737161
NA19726	NA19726	-7.09541738572
NA19728	NA19728	-2.0908948824
NA19729	NA19729	2.58847584489
NA19731	NA19731	5.29585182265
NA19732	NA19732	3.14461029665
NA19734	NA19734	0.737863246269
NA19735	NA19735	0.498431602969
NA19740	NA19740	1.34051543401
NA19741	NA19741	0.0287914378925
NA19746	NA19746	0.593311088504
NA19747	NA19747	0.540873932204
NA19749	NA19749	1.60669093846
NA19750	NA19750	-4.25861825297
NA19752	NA19752	0.298984767202
NA19755	NA19755	2.38928623639
NA19756	NA19756	-8.30674753912
NA19758	NA19758	2.62864949193
NA19759	NA19759	-2.39181916094
NA19761	NA19761	2.03386687194
NA19762	NA19762	2.14422971716
NA19764	NA19764	-1.30790591547
NA19770	NA19770	-0.801886956915
NA19771	NA19771	-5.72268862444
NA19773	NA19773	1.19952367202
NA19774	NA19774	4.18612086764
NA19776	NA19776	3.84871719792
NA19777	NA19777	-2.38068341956
NA19779	NA19779	6.61213598951
NA19780	NA19780	-0.614823271364
NA19782	NA19782	0.0174147943239
NA19783	NA19783	0.973867715448
NA19785	NA19785	-0.710022743885
NA19786	NA19786	-6.08112610058
NA19788	NA19788	-0.703905015956
NA19789	NA19789	0.217442535417
NA19792	NA19792	-2.76144086891
NA19794	NA19794	1.71450094272
NA19795	NA19795	9.00410759795
NA19818	NA19818	-2.70722832929
NA19819	NA19819	-4.94093197029
NA19834	NA19834	7.92535191109
NA19835	NA19835	-5.05920567933
NA19900	NA19900	-6.25506913623
NA19901	NA19901	0.704794848907
NA19904	NA19904	-1.21695242644
NA19908	NA19908	-1.04075389741
NA19909	NA19909	3.18455227461
NA19913	NA19913	-6.47565639517
NA19914	NA19914	-0.323143919263
NA19916	NA19916	-0.24560938764
NA19917	NA19917	0.489340842281
NA19920	NA19920	-2.63559735232
NA19921	NA19921	-1.47110943532
NA19922	NA19922	0.631021983924
NA19923	NA19923	1.96513316885
NA19982	NA19982	1.24652947574
NA19984	NA19984	-0.952763856659
NA20126	NA20126	0.722775397447
NA20127	NA20127	-1.0388889038
NA20274	NA20274	-2.37536927421
NA20276	NA20276	-2.02749313696
NA20278	NA20278	-3.48165275333
NA20281	NA20281	3.79334170815
NA20282	NA20282	2.10548149197
NA20287	NA20287	1.1117145948
NA20289	NA20289	-1.57303161195
NA20291	NA20291	-3.17576429084
NA20294	NA20294	1.03957780075
NA20296	NA20296	-3.29724578643
NA20298	NA20298	3.28758880169
NA20299	NA20299	5.60342782031
NA20314	NA20314	-0.854460181213
NA20317	NA20317	-4.02736854831
NA20318	NA20318	2.69859675897
NA20320	NA20320	0.583346266939
NA20321	NA20321	-1.22848107309
NA20332	NA20332	0.613796131465
NA20334	NA20334	-2.99940826727
NA20339	NA20339	-0.332040564282
NA20340	NA20340	0.117806676278
NA20342	NA20342	0.368722012314
NA20346	NA20346	3.69260604369
NA20348	NA20348	2.16679266307
NA20351	NA20351	-0.691816804764
NA20355	NA20355	-1.82886027201
NA20356	NA20356	3.67010025985
NA20357	NA20357	5.22956692923
NA20359	NA20359	1.26531514771
NA20362	NA20362	-2.90524139254
NA20412	NA20412	-1.84721046172
NA20502	NA20502	0.88759073682
NA20503	NA20503	-6.83183581554
NA20504	NA20504	0.129634252351
NA20505	NA20505	5.62707878895
NA20506	NA20506	-1.80993165668
NA20507	NA20507	-0.114285226103
NA20508	NA20508	2.05366145883
NA20509	NA20509	-2.46581633371
NA20510	NA20510	0.120197121261
NA20511	NA20511	5.82488675288
NA20512	NA20512	0.568000726351
NA20513	NA20513	1.68318113503
NA20514	NA20514	2.51944865456
NA20515	NA20515	-1.55395325443
NA20516	NA20516	-1.52150640748
NA20517	NA20517	-0.0814102999499
NA20518	NA20518	0.915599738844
NA20519	NA20519	7.4014898243
NA20520	NA20520	3.9785541031
NA20521	NA20521	3.77414784034
NA20522	NA20522	1.15045055479
NA20524	NA20524	-2.1505933083
NA20525	NA20525	2.21152024579
NA20527	NA20527	-3.2405898479
NA20528	NA20528	-3.68423180411
NA20529	NA20529	-2.85687608095
NA20530	NA20530	1.83303496752
NA20531	NA20531	5.78511365572
NA20532	NA20532	-2.59955740537
NA20533	NA20533	-0.173674085953
NA20534	NA20534	-1.22375689642
NA20535	NA20535	-4.5248421696
NA20536	NA20536	-2.00919296728
NA20538	NA20538	-1.8125061437
NA20539	NA20539	-7.6188255929
NA20540	NA20540	4.63604418157
NA20541	NA20541	-3.87382951213
NA20542	NA20542	-0.895516146184
NA20543	NA20543	-2.77451216051
NA20544	NA20544	0.392742744345
NA20581	NA20581	1.07934764979
NA20582	NA20582	-1.67205408846
NA20585	NA20585	2.26667886403
NA20586	NA20586	3.57728836681
NA20587	NA20587	0.00464897484627
NA20588	NA20588	-2.51958209179
NA20589	NA20589	-1.4504305309
NA20752	NA20752	8.20985351432
NA20753	NA20753	-1.45804485439
NA20754	NA20754	3.36464848351
NA20755	NA20755	-3.53865680973
NA20756	NA20756	-2.23123652032
NA20757	NA20757	1.38778736669
NA20758	NA20758	-2.50652302968
NA20759	NA20759	-1.5122835204
NA20760	NA20760	1.83608790171
NA20761	NA20761	0.0919808526356
NA20762	NA20762	0.0155267710764
NA20763	NA20763	3.51125920931
NA20764	NA20764	0.120766747773
NA20765	NA20765	-0.590552937286
NA20766	NA20766	-2.05764846418
NA20767	NA20767	4.21531237925
NA20768	NA20768	0.652109225817
NA20769	NA20769	0.469539935923
NA20770	NA20770	-1.62653934683
NA20771	NA20771	-2.19599016164
NA20772	NA20772	0.535767703243
NA20773	NA20773	-0.365945979889
NA20774	NA20774	-0.552287776775
NA20775	NA20775	1.20661660388
NA20778	NA20778	0.915678724468
NA20783	NA20783	7.05088208923
NA20785	NA20785	2.84072693599
NA20786	NA20786	1.10798148845
NA20787	NA20787	-5.23613457022
NA20790	NA20790	2.24647056183
NA20792	NA20792	2.16343215925
NA20795	NA20795	-4.74076213951
NA20796	NA20796	-1.5501907753
NA20797	NA20797	2.75764250591
NA20798	NA20798	6.71538110729
NA20799	NA20799	-7.66877325725
NA20800	NA20800	-2.5161138136
NA20801	NA20801	5.90677299173
NA20802	NA20802	5.59960471361
NA20803	NA20803	0.893335310479
NA20804	NA20804	2.86259288524
NA20805	NA20805	-0.548950659726
NA20806	NA20806	-4.33055097399
NA20807	NA20807	0.966624161967
NA20808	NA20808	1.23671065383
NA20809	NA20809	2.85514560769
NA20810	NA20810	1.69546735947
NA20811	NA20811	-2.01164752717
NA20812	NA20812	0.680076101354
NA20813	NA20813	-6.52801662698
NA20814	NA20814	-7.62717346527
NA20815	NA20815	-4.57997865293
NA20818	NA20818	0.332647795051
NA20819	NA20819	-3.23639887155
NA20821	NA20821	1.83655461226
NA20822	NA20822	0.0553665806177
NA20826	NA20826	1.91358911444
NA20827	NA20827	-3.24698844712
NA20828	NA20828	3.19389882961
NA20832	NA20832	-2.85637037627
NA20845	NA20845	-2.17575605743
NA20846	NA20846	0.952796516893
NA20847	NA20847	4.20781292795
NA20849	NA20849	1.59196351981
NA20850	NA20850	-0.757359774572
NA20851	NA20851	1.03472311673
NA20852	NA20852	0.0615148429905
NA20853	NA20853	-0.333997321606
NA20854	NA20854	-0.0988328528257
NA20856	NA20856	-3.52779092727
NA20858	NA20858	3.73137694942
NA20859	NA20859	0.133684762884
NA20861	NA20861	-6.10765354834
NA20862	NA20862	2.72484062995
NA20863	NA20863	2.41363962922
NA20864	NA20864	2.61954272614
NA20866	NA20866	0.655354254056
NA20867	NA20867	-2.54676953063
NA20868	NA20868	0.642363896661
NA20869	NA20869	6.69601966229
NA20870	NA20870	-1.84552561127
NA20872	NA20872	-2.23065127723
NA20874	NA20874	1.43569332528
NA20875	NA20875	5.28827725608
NA20876	NA20876	2.00479533774
NA20877	NA20877	3.53798989317
NA20878	NA20878	5.32277278047
NA20881	NA20881	-6.49736639778
NA20882	NA20882	2.04864628485
NA20884	NA20884	2.88230945307
NA20885	NA20885	-0.0538685426445
NA20886	NA20886	-0.754347805589
NA20887	NA20887	-4.70129205001
NA20888	NA20888	4.73517968472
NA20889	NA20889	3.54705297406
NA20890	NA20890	3.33006152191
NA20891	NA20891	0.331007611041
NA20892	NA20892	2.58819858119
NA20894	NA20894	0.870706583112
NA20895	NA20895	1.96862562388
NA20896	NA20896	4.49908158957
NA20897	NA20897	-4.57394388306
NA20899	NA20899	-2.44274962991
NA20900	NA20900	4.63134447128
NA20901	NA20901	-1.36068434967
NA20902	NA20902	-1.32847709829
NA20903	NA20903	-0.883438513433
NA20904	NA20904	-2.69036669637
NA20905	NA20905	-2.47755769601
NA20906	NA20906	-2.09599733964
NA20908	NA20908	-1.44891023944
NA20910	NA20910	-1.63705138851
NA20911	NA20911	0.3344154847
NA21086	NA21086	0.521078672365
NA21087	NA21087	-1.4201961611
NA21088	NA21088	0.447766811815
NA21089	NA21089	-3.010541253
NA21090	NA21090	0.473511931394
NA21091	NA21091	-5.43452629474
NA21092	NA21092	9.01429520714
NA21093	NA21093	3.34812472063
NA21094	NA21094	-0.891318397018
NA21095	NA21095	4.28869242319
NA21097	NA21097	-2.04058290382
NA21098	NA21098	7.40903120656
NA21099	NA21099	3.3579095692
NA21100	NA21100	-1.85534870348
NA21101	NA21101	2.43344191164
NA21102	NA21102	-0.462857808554
NA21103	NA21103	-0.285460278539
NA21104	NA21104	9.51555103195
NA21105	NA21105	0.475722466192
NA21106	NA21106	1.30766231542
NA21107	NA21107	4.09196239574
NA21108	NA21108	-3.22866664757
NA21109	NA21109	-2.03654050903
NA21110	NA21110	-1.49948043176
NA21111	NA21111	1.01490168314
NA21112	NA21112	2.35075891338
NA21113	NA21113	-1.58027324556
NA21114	NA21114	2.5532983392
NA21115	NA21115	-3.74180534435
NA21116	NA21116	-2.10183108473
NA21117	NA21117	2.7996554044
NA21118	NA21118	1.45436004259
NA21119	NA21119	-1.40024232954
NA21120	NA21120	4.11930910154
NA21122	NA21122	-1.88042103582
NA21123	NA21123	5.61263101331
NA21124	NA21124	-1.530268175
NA21125	NA21125	3.93066188534
NA21126	NA21126	4.42041766269
NA21127	NA21127	0.285729326875
NA21128	NA21128	5.27852570333
NA21129	NA21129	2.73193223472
NA21130	NA21130	5.72226797382
NA21133	NA21133	2.18722102049
NA21135	NA21135	2.10385575378
NA21137	NA21137	2.07922305515
NA21141	NA21141	3.19949978777
NA21142	NA21142	-0.110777579464
NA21143	NA21143	-0.500124218329
NA21144	NA21144	5.2664878069
